Fold,Index,feature_numLinesHereDocs,feature_numDeprecatedFunctions,feature_numImplicitDependentEach,feature_numComparisonOperators,feature_numStringValues,feature_numElemTuples,feature_numTemplateExpression,feature_numDynamicBlocks,feature_numLoops,feature_numLogiOpers,feature_numTokens,feature_numWildCardSuffixString,feature_numImplicitDependentResources,feature_numNestedBlocks,feature_numImplicitDependentProviders,feature_numExplicitResourceDependency,feature_numFunctionCall,feature_numLiteralExpression,feature_numVars,feature_numMetaArg,feature_numAttrs,feature_numLookUpFunctionCall,feature_numElemObjects,feature_numTuples,feature_numImplicitDependentLocals,feature_numReferences,feature_numEmptyString,feature_numDebuggingFunctions,feature_numHereDocs,feature_numObjects,feature_numImplicitDependentData,feature_numParams,feature_numIndexAccess,feature_numMathOperations,feature_numImplicitDependentVars,feature_numImplicitDependentModules,feature_numSplatExpressions,feature_numStarString,feature_numConditions
0,0,0,0,0,1,2,4,0,0,0,0,120,0,1,0,0,0,1,4,18,0,15,0,0,3,1,23,1,0,0,0,1,3,1,0,14,1,0,0,1
0,1,0,0,0,0,2,0,0,0,0,0,20,0,0,0,0,0,0,2,1,0,3,0,0,0,0,3,0,0,0,0,1,0,0,0,0,0,0,0,0
0,2,0,0,0,0,1,0,2,0,0,0,27,0,0,0,0,0,1,1,2,0,1,0,0,0,0,3,0,0,0,0,0,2,0,0,1,0,0,0,0
0,3,0,0,0,0,6,2,0,0,0,0,82,0,2,2,0,0,0,12,7,1,16,0,2,2,2,6,0,0,0,1,0,0,0,0,0,0,0,0,0
0,4,0,0,0,0,2,0,0,0,0,0,13,0,0,0,0,0,0,2,1,0,3,0,0,0,0,0,0,0,0,0,0,0,0,0,0,0,0,0,0
0,5,0,0,0,1,0,0,0,0,0,0,41,0,0,0,0,0,2,3,5,1,4,0,0,0,1,5,0,0,0,0,0,3,0,0,4,0,0,0,1
0,6,0,0,0,0,9,0,0,0,0,0,56,0,0,0,2,0,0,9,13,0,3,0,12,0,0,1,3,0,0,5,0,0,0,0,0,0,0,0,0
0,7,0,0,0,0,6,2,0,0,0,0,39,0,0,0,0,0,1,6,5,0,3,0,5,2,0,0,0,0,0,2,0,1,0,0,0,0,0,0,0
0,8,17,0,0,0,16,0,0,0,0,0,203,0,2,28,0,0,0,30,4,0,34,0,0,0,0,6,0,0,1,0,0,0,0,0,2,0,0,0,0
0,9,0,1,0,0,2,1,0,0,0,0,18,0,0,0,0,0,1,2,1,0,3,0,0,1,0,0,0,0,0,0,0,1,0,0,0,0,0,0,0
0,10,0,0,0,2,9,0,2,0,0,0,74,0,0,0,0,0,6,12,5,0,3,0,0,0,2,5,0,0,0,0,0,12,0,0,3,0,0,0,2
0,11,0,0,0,0,1,0,0,0,0,0,13,0,0,0,0,0,0,2,1,0,3,0,0,0,0,0,0,0,0,0,0,0,0,0,0,0,0,0,0
0,12,0,0,0,5,26,12,3,0,4,0,420,0,0,0,0,0,14,32,74,0,11,3,33,7,9,37,0,0,0,23,0,29,3,0,13,3,0,0,4
0,13,0,0,0,0,72,0,3,0,0,0,335,0,1,10,0,0,0,91,3,0,93,0,0,0,0,4,0,0,0,0,0,0,0,0,2,0,0,26,0
0,14,0,0,0,0,2,1,0,0,0,0,31,0,0,1,1,0,0,2,3,1,5,0,0,1,0,3,0,0,0,0,0,0,0,0,2,0,0,0,0
0,15,0,0,0,1,39,15,1,0,0,1,470,0,0,0,0,0,13,55,97,0,18,0,76,7,12,27,0,0,0,34,3,19,0,0,9,0,2,0,0
0,16,0,0,0,0,2,0,0,0,0,0,13,0,0,0,0,0,0,2,1,0,3,0,0,0,0,0,0,0,0,0,0,0,0,0,0,0,0,0,0
0,17,0,0,0,0,0,0,0,0,0,0,33,0,1,0,0,0,0,2,4,0,6,0,0,0,1,5,0,0,0,0,0,0,0,0,2,0,0,0,0
0,18,0,0,0,0,2,0,0,0,0,0,13,0,0,0,0,0,0,2,1,0,3,0,0,0,0,0,0,0,0,0,0,0,0,0,0,0,0,0,0
0,19,5,0,0,0,9,3,2,0,0,0,83,0,0,6,0,0,0,12,2,3,12,0,0,1,0,4,0,0,1,0,0,0,0,0,0,0,0,0,0
0,20,0,0,0,0,2,1,0,0,0,0,64,0,0,0,0,0,0,2,10,0,5,0,6,1,0,9,0,0,0,5,0,0,0,0,4,1,0,0,0
0,21,0,0,0,4,14,10,11,0,0,1,224,0,2,1,0,0,6,16,18,2,13,0,0,5,0,30,3,0,0,0,3,11,0,0,12,0,2,0,3
0,22,0,0,1,0,0,0,0,0,0,0,17,0,0,0,0,0,0,0,2,1,2,0,0,0,0,3,0,0,0,0,0,0,0,0,1,0,0,0,0
0,23,0,0,0,1,0,0,0,0,0,0,50,0,0,0,0,0,3,2,7,0,6,0,0,0,6,7,0,0,0,0,0,3,0,0,1,0,0,0,1
0,24,0,0,30,9,8,0,0,3,0,3,531,0,1,7,0,0,5,17,69,1,28,0,0,3,33,115,0,0,0,0,0,6,30,0,1,0,0,0,10
0,25,0,0,0,0,0,0,0,0,0,0,55,0,3,0,0,0,0,3,7,1,4,0,0,0,1,11,0,0,0,0,0,0,4,0,1,0,0,0,1
0,26,0,0,0,1,7,0,1,0,0,1,381,0,2,1,0,0,7,19,62,1,52,3,1,0,1,65,0,0,0,1,0,18,1,0,59,0,1,0,5
0,27,0,0,0,0,18,13,3,0,1,0,152,0,0,0,0,0,8,18,16,0,7,0,0,5,7,14,0,0,0,0,0,16,0,0,7,0,0,0,2
0,28,0,0,0,0,3,0,0,0,0,0,19,0,0,1,0,0,0,3,2,0,2,0,2,0,0,0,0,0,0,1,0,0,0,0,0,0,0,0,0
0,29,0,0,0,0,36,0,0,0,0,0,133,0,0,0,0,0,0,36,16,0,4,0,30,0,0,0,0,0,0,12,0,0,0,0,0,0,0,0,0
0,30,0,0,15,0,10,5,1,2,0,0,276,0,4,5,0,0,17,11,37,3,18,5,1,2,7,34,0,0,0,3,0,34,1,0,0,0,0,0,4
0,31,0,0,0,1,34,15,4,0,4,0,228,0,0,0,0,0,5,35,42,0,7,0,24,7,6,12,0,1,0,5,0,7,2,0,2,0,0,0,1
0,32,0,0,0,0,17,6,4,0,0,0,304,0,5,9,0,0,4,23,35,1,29,0,10,5,0,46,0,0,0,4,7,6,0,0,14,0,0,1,0
0,33,0,0,0,0,3,0,6,0,0,0,71,0,0,1,0,0,0,3,6,0,9,0,0,0,0,6,0,0,0,0,0,0,0,0,6,0,0,0,0
0,34,0,0,0,0,5,2,0,0,0,0,26,0,0,0,0,0,0,5,1,0,5,0,0,1,0,1,0,0,0,0,0,0,0,0,1,0,0,0,0
0,35,0,0,0,0,2,0,0,0,0,0,49,0,0,0,0,0,0,4,7,1,9,0,0,0,0,7,0,0,0,0,0,0,0,0,7,0,0,0,1
0,36,35,0,0,1,9,8,0,0,0,0,45,0,0,0,0,0,2,10,2,0,3,0,0,1,1,2,0,0,1,0,0,3,0,0,1,0,0,0,0
0,37,0,0,0,0,2,0,2,0,0,0,39,0,2,0,0,0,0,4,2,0,6,0,0,0,0,4,0,0,0,0,0,0,0,0,0,0,0,0,0
0,38,2,0,0,0,3,2,2,0,0,0,48,0,0,2,0,0,0,3,3,2,4,0,1,1,1,4,0,0,1,1,1,0,0,0,0,0,0,0,0
0,39,0,0,0,0,5,2,0,0,0,0,33,0,0,1,0,0,1,5,2,0,5,0,0,1,0,1,0,0,0,0,0,2,0,0,1,0,0,0,0
0,40,0,0,0,0,3,0,1,0,0,0,21,0,0,0,0,0,0,3,1,0,3,0,0,0,0,1,0,0,0,0,0,0,0,0,1,0,0,0,0
0,41,0,0,0,0,15,2,2,0,0,0,126,0,1,0,0,0,4,15,14,0,12,4,4,1,4,16,4,0,0,1,0,12,0,0,1,4,0,0,0
0,42,0,0,4,0,8,4,2,0,1,0,113,0,0,1,0,0,2,8,15,1,7,0,1,2,3,17,1,0,0,1,0,4,2,0,3,1,0,0,0
0,43,0,0,0,0,6,0,5,0,0,0,76,0,4,2,0,0,0,6,5,0,8,0,0,0,0,9,0,0,0,0,0,0,0,0,1,0,0,0,0
0,44,0,0,5,0,4,0,2,0,0,0,73,0,0,0,0,0,0,4,8,1,7,0,0,0,1,15,0,0,0,0,0,0,1,0,0,2,0,0,0
0,45,0,0,0,0,4,1,2,0,0,0,60,0,1,0,0,0,0,5,7,0,4,0,4,1,0,7,0,0,0,3,0,0,1,0,0,2,0,0,0
0,46,0,0,0,0,1,0,6,0,0,0,68,0,1,2,0,0,1,1,5,0,6,0,0,0,0,6,0,0,0,0,0,1,0,0,4,0,0,0,0
0,47,0,0,0,4,21,7,7,0,0,0,276,0,0,0,0,0,5,29,47,0,11,0,25,8,6,22,1,0,0,12,0,10,0,0,11,0,0,0,6
0,48,0,0,0,0,13,3,3,0,0,0,122,0,3,5,0,0,0,13,9,0,16,0,0,3,0,12,0,0,0,0,0,0,0,0,6,0,0,0,0
0,49,0,0,0,1,1,0,0,0,0,0,29,0,1,0,0,0,0,5,2,1,3,0,0,0,0,3,0,0,0,0,0,0,1,0,1,0,0,0,1
0,50,0,0,0,0,374,64,1,0,0,0,2223,0,81,43,0,0,0,394,123,1,391,0,0,64,41,206,0,0,0,0,1,0,121,0,0,0,0,60,2
0,51,0,0,0,0,140,102,2,0,0,0,1580,0,5,0,0,0,17,220,346,0,1,0,301,67,3,129,0,0,0,85,0,18,8,8,0,42,0,1,0
0,52,11,0,0,0,1,1,0,0,0,0,15,0,1,0,0,0,0,1,1,1,2,0,0,1,0,1,0,0,1,0,0,0,0,0,0,0,0,0,0
0,53,7,0,0,0,3,0,1,0,0,0,19,0,0,0,0,0,0,3,1,0,2,0,0,0,0,1,0,0,1,0,0,0,0,0,1,0,0,0,0
0,54,0,0,0,0,2,0,1,0,0,0,26,0,0,0,0,0,0,2,3,0,3,0,0,0,3,3,0,0,0,0,0,0,0,0,0,0,0,0,0
0,55,0,0,0,0,2,0,0,0,0,0,29,0,0,0,1,0,0,2,4,1,6,0,0,0,0,3,0,0,0,0,0,0,0,0,3,0,0,0,0
0,56,0,0,0,0,0,0,0,0,0,0,14,0,0,0,0,0,0,2,1,0,3,0,0,0,1,1,0,0,0,0,0,0,0,0,0,0,0,0,0
0,57,0,0,0,0,33,0,6,0,5,4,958,0,0,0,0,0,35,54,176,0,7,0,91,0,20,172,0,21,0,34,0,75,2,0,6,48,0,0,4
0,58,0,0,0,0,1,0,0,0,0,0,63,0,0,0,0,0,0,1,11,0,7,0,3,0,2,14,0,0,0,1,0,0,0,0,0,6,0,0,0
0,59,0,0,0,0,1,0,0,0,0,0,85,0,0,0,0,0,1,2,13,0,12,0,0,1,7,16,0,1,0,0,1,2,1,0,4,1,0,0,1
0,60,0,0,0,0,23,23,0,0,0,0,101,0,0,0,0,0,3,23,6,0,8,0,0,5,6,6,0,0,0,0,0,6,0,0,0,0,0,0,0
0,61,0,0,0,0,1,0,0,0,0,0,21,0,0,1,0,0,0,1,2,0,3,0,0,0,0,2,0,0,0,0,0,0,0,0,2,0,0,0,0
0,62,0,0,0,0,10,8,0,0,0,1,58,0,0,2,0,0,0,12,2,1,7,0,0,4,0,2,0,0,0,0,0,0,0,0,2,0,0,1,1
0,63,0,0,0,0,19,3,2,0,0,0,237,0,2,0,0,0,2,42,63,0,8,0,50,4,9,13,7,0,0,6,0,4,0,0,3,0,0,0,0
0,64,0,0,0,4,5,3,0,0,2,3,164,0,0,2,0,0,12,13,29,0,7,0,10,3,0,5,0,3,0,5,0,19,0,0,2,0,0,0,0
0,65,0,0,0,0,13,0,0,0,0,0,133,0,2,17,0,0,0,21,2,0,23,0,0,0,0,4,0,0,0,0,0,0,0,0,0,0,0,0,0
0,66,0,0,0,0,20,18,1,0,0,0,82,0,0,2,0,0,0,20,2,0,4,0,0,4,0,6,0,0,0,0,2,0,0,0,0,0,0,1,0
0,67,0,0,0,3,9,10,2,0,9,0,289,0,0,0,0,0,14,10,52,0,12,0,6,12,14,22,0,0,0,4,0,16,3,0,8,0,0,0,5
0,68,0,0,0,0,3,0,0,0,0,0,13,0,0,0,0,0,0,3,0,0,3,0,0,0,0,0,0,0,0,0,0,0,0,0,0,0,0,0,0
0,69,0,0,0,0,1,0,0,0,0,0,30,0,2,0,0,0,1,2,2,0,2,0,0,0,0,6,0,0,0,0,0,2,1,0,0,0,2,0,0
0,70,0,0,0,0,2,1,0,0,0,0,100,0,3,0,1,0,1,12,9,2,11,0,0,1,3,16,0,0,0,0,0,4,5,0,2,0,0,0,1
0,71,0,0,0,0,3,0,1,0,0,0,38,0,0,0,0,0,0,4,6,0,2,0,5,0,0,1,0,0,0,3,0,0,0,0,1,0,0,0,0
0,72,0,0,0,0,5,1,0,0,0,0,66,0,2,1,0,0,0,11,4,0,14,0,1,1,1,5,0,0,0,1,0,0,0,0,0,0,0,0,0
0,73,0,0,4,0,5,0,1,0,0,0,94,0,0,0,0,0,0,9,14,1,9,0,7,0,1,13,0,0,0,4,0,0,1,0,0,2,0,0,0
0,74,0,0,29,18,3,14,1,14,2,0,1054,0,4,28,1,0,11,29,121,2,92,2,1,28,2,211,1,6,0,1,0,22,0,0,7,0,0,0,18
0,75,41,2,0,3,9,0,19,0,0,0,250,0,0,0,0,0,6,16,23,1,24,1,0,0,0,25,1,0,1,0,0,12,0,0,22,0,1,0,3
0,76,0,0,0,0,24,10,2,0,0,0,289,0,3,0,0,0,1,32,50,0,16,0,35,5,9,38,0,0,0,15,3,1,0,0,0,3,0,0,0
0,77,0,0,0,0,9,2,2,0,4,0,127,0,0,0,0,0,9,9,23,0,2,0,6,2,1,6,1,0,0,3,0,16,0,0,1,0,0,0,1
0,78,0,0,0,4,14,5,2,0,0,0,313,0,1,0,0,0,1,23,62,0,17,0,22,6,2,52,2,0,0,4,2,1,1,0,29,6,0,0,9
0,79,0,0,2,0,10,6,1,0,0,0,181,0,3,6,5,0,1,25,13,3,13,0,2,2,2,20,0,0,0,1,0,1,16,0,1,0,0,0,0
0,80,0,0,0,11,890,726,4,0,1,5,3340,0,0,0,2,0,73,944,269,0,75,0,155,122,102,113,0,46,0,21,0,136,121,0,6,0,0,19,20
0,81,0,0,0,0,1,0,0,0,0,0,54,0,0,0,0,0,0,1,7,0,8,0,0,0,0,13,0,0,0,0,0,0,0,0,1,6,0,0,0
0,82,0,0,0,0,4,0,2,0,0,2,88,0,0,1,0,0,0,6,12,1,9,0,0,0,6,14,0,0,0,0,1,0,1,0,4,0,0,0,2
0,83,0,0,0,1,9,4,4,0,0,0,169,0,0,2,0,0,3,10,23,1,13,0,3,2,2,26,2,0,0,1,1,5,1,0,16,0,0,0,1
0,84,0,0,0,0,0,1,0,0,0,2,44,0,0,1,0,0,0,2,6,2,5,0,0,1,4,6,0,0,0,0,0,0,0,0,1,0,0,0,1
0,85,0,0,0,1,1,0,0,0,0,0,57,0,1,0,1,0,1,6,6,2,5,0,0,0,3,9,0,0,0,0,1,1,2,0,0,0,0,0,2
0,86,0,0,0,1,8,3,0,1,3,1,166,0,3,6,0,0,7,15,19,2,21,0,0,3,1,11,0,0,0,0,0,8,0,0,8,0,0,0,3
0,87,0,0,0,0,14,0,5,0,0,0,210,0,3,1,0,0,2,17,34,0,12,0,15,0,2,38,0,0,0,1,8,2,0,0,6,0,0,0,0
0,88,0,0,0,0,3,0,0,0,0,0,19,0,0,1,0,0,0,3,2,0,2,0,2,0,0,0,0,0,0,1,0,0,0,0,0,0,0,0,0
0,89,0,0,0,0,2,0,0,0,0,0,22,0,0,0,0,0,0,2,2,0,4,0,0,0,0,3,0,0,0,0,0,0,0,0,1,1,0,0,0
0,90,0,0,0,3,21,4,4,1,0,0,294,0,0,8,1,0,8,33,26,1,26,1,4,2,0,32,2,0,0,4,0,15,3,2,14,0,3,0,3
0,91,0,0,0,0,2,0,2,0,0,0,39,0,2,0,0,0,0,4,2,0,6,0,0,0,0,4,0,0,0,0,0,0,0,0,0,0,0,0,0
0,92,0,0,0,0,0,0,0,0,0,0,85,0,0,0,0,0,1,1,28,0,1,0,14,0,0,15,0,0,0,1,0,2,0,0,13,1,0,0,0
0,93,0,0,0,0,4,2,0,0,0,0,31,0,0,0,0,0,0,4,2,1,6,0,0,2,0,2,0,0,0,0,0,0,0,0,1,1,0,0,0
0,94,0,0,0,0,2,0,2,0,0,0,39,0,2,0,0,0,0,4,2,0,6,0,0,0,0,4,0,0,0,0,0,0,0,0,0,0,0,0,0
0,95,4,0,0,0,8,4,6,0,0,0,116,0,0,1,0,0,1,18,7,0,18,0,0,1,0,7,0,0,1,0,0,2,0,0,7,0,0,0,0
0,96,0,0,0,0,4,2,2,0,0,0,80,0,1,2,0,0,0,5,9,0,11,0,1,2,0,9,0,0,0,1,0,0,0,0,7,0,0,0,0
0,97,0,1,0,0,1,1,12,0,0,0,134,0,1,0,0,0,2,3,13,1,13,0,0,1,0,14,0,0,0,0,0,4,0,1,12,0,0,0,0
0,98,0,0,0,0,53,0,0,0,1,0,210,0,0,0,0,0,1,53,61,0,4,0,54,0,4,8,0,0,0,3,0,3,0,0,0,0,0,0,0
0,99,0,0,0,1,3,1,2,0,0,0,105,0,0,0,0,0,0,6,15,1,5,0,7,1,2,22,0,0,0,3,0,0,0,0,5,1,0,0,1
0,100,0,0,0,0,0,0,0,0,0,0,62,0,0,0,1,0,0,0,11,1,11,0,0,0,0,12,0,0,0,0,1,0,0,0,9,0,0,0,0
0,101,0,2,0,0,1,0,0,0,0,0,64,0,0,0,0,0,8,2,9,0,4,0,5,1,0,0,0,0,0,4,0,10,0,0,0,0,0,0,0
0,102,0,0,0,0,1,0,0,0,0,0,13,0,0,0,0,0,0,2,1,0,3,0,0,0,0,0,0,0,0,0,0,0,0,0,0,0,0,0,0
0,103,0,0,0,0,1,2,0,0,1,0,64,0,0,0,0,0,3,2,12,0,1,0,5,3,0,5,0,1,0,3,0,6,1,0,0,2,0,0,0
0,104,0,0,0,0,3,1,0,0,0,0,42,0,2,3,0,0,0,4,2,0,5,0,0,1,0,4,0,0,0,0,0,0,1,0,0,0,0,0,0
0,105,0,0,0,0,0,1,0,0,0,1,51,0,1,1,0,0,0,3,7,2,6,0,0,1,0,7,0,0,0,0,0,0,1,0,5,0,0,0,1
0,106,0,0,0,0,7,3,11,0,0,0,152,0,2,0,0,0,0,8,14,0,13,0,4,3,0,21,0,0,0,2,5,0,0,0,6,0,0,0,0
0,107,0,0,0,0,6,4,0,0,0,0,61,0,0,0,0,0,0,6,5,0,5,0,4,4,0,10,0,0,0,2,0,0,0,0,0,5,0,0,0
0,108,0,0,0,0,1,0,0,0,0,0,12,0,0,0,0,0,0,1,1,0,2,0,0,0,1,1,0,0,0,0,0,0,0,0,0,0,0,0,0
0,109,0,0,0,0,9,0,4,0,0,0,121,0,2,1,0,0,1,11,19,0,9,0,6,0,0,16,0,0,0,1,0,1,0,0,9,0,0,0,0
0,110,0,0,0,0,3,1,1,0,0,0,33,0,1,0,0,0,0,5,1,0,6,0,0,1,0,2,0,0,0,0,0,0,0,0,0,0,0,0,0
0,111,0,0,0,1,0,0,0,0,0,1,19,0,0,0,0,0,0,2,2,0,2,0,0,0,0,2,0,0,0,0,0,0,0,0,2,0,0,0,0
0,112,0,0,0,0,1,0,0,0,0,0,12,0,0,0,0,0,0,1,1,0,2,0,0,0,1,1,0,0,0,0,0,0,0,0,0,0,0,0,0
0,113,0,1,0,0,2,1,18,0,0,0,186,0,1,0,0,0,2,3,19,1,18,0,0,1,0,20,0,0,0,0,0,4,0,1,18,0,0,0,0
0,114,0,0,0,23,92,7,0,0,4,5,1600,0,8,0,0,0,87,148,168,0,68,0,24,8,100,247,36,44,0,11,6,154,25,1,26,0,0,0,41
0,115,0,1,0,0,10,3,11,0,0,0,147,0,1,0,0,0,2,11,10,0,12,0,0,2,0,19,0,0,0,0,4,7,0,0,4,0,0,0,0
0,116,0,0,0,0,6,6,0,0,0,0,20,0,0,0,0,0,0,6,0,0,1,0,0,1,0,0,0,0,0,0,0,0,0,0,0,0,0,0,0
0,117,0,0,0,0,2,0,0,0,0,1,46,0,0,0,0,0,2,6,4,1,3,0,0,0,4,4,0,0,0,0,0,4,2,0,0,0,0,0,1
0,118,0,0,0,1,23,23,0,0,0,0,196,0,0,0,0,0,4,29,21,0,10,0,12,9,7,23,0,3,0,5,0,8,0,0,4,4,0,0,1
0,119,0,0,0,1,11,2,2,0,0,0,140,0,0,4,0,0,0,13,17,2,14,0,1,2,12,15,1,0,0,1,0,0,5,1,2,0,0,0,3
0,120,0,0,0,1,1,0,0,0,0,0,30,0,0,2,0,0,1,3,2,1,2,0,0,0,1,2,0,0,0,0,0,1,0,0,1,0,0,0,1
0,121,0,0,0,0,0,0,0,0,0,0,14,0,0,0,0,0,0,0,2,0,2,0,0,0,0,2,0,0,0,0,0,0,0,0,2,0,0,0,0
0,122,0,0,0,0,4,2,0,0,0,0,71,0,0,2,0,0,2,4,8,2,10,0,1,1,1,7,0,0,0,1,0,2,0,0,6,0,0,0,0
0,123,0,0,3,0,1,0,1,0,0,0,47,0,0,3,1,0,0,1,6,2,6,0,0,0,0,5,0,0,0,0,0,0,0,0,2,0,0,0,0
0,124,5,0,0,0,2,0,0,0,0,0,13,0,0,0,0,0,0,2,1,0,3,0,0,0,0,0,0,0,1,0,0,0,0,0,0,0,0,0,0
0,125,0,0,0,0,0,0,1,0,0,0,26,0,0,0,0,0,1,0,3,0,1,0,0,0,0,4,0,0,0,0,0,2,0,1,2,0,0,0,0
0,126,0,1,0,0,10,2,5,0,0,0,122,0,0,2,0,0,1,20,5,0,18,0,0,2,0,9,0,0,0,0,2,6,0,0,3,0,0,0,0
0,127,0,0,0,0,2,0,0,0,0,0,20,0,0,0,0,0,0,2,1,0,3,0,0,0,0,3,0,0,0,0,1,0,0,0,0,0,0,0,0
0,128,0,0,0,3,6,3,0,1,0,1,347,0,1,5,1,0,8,18,46,4,27,0,0,3,19,67,0,1,0,0,0,21,7,1,19,0,0,0,6
0,129,0,0,0,0,2,0,0,0,0,0,29,0,0,0,0,0,2,3,2,0,4,0,1,0,0,0,0,0,0,2,0,3,0,0,0,0,0,0,0
0,130,2,1,0,0,1,0,0,0,0,0,17,0,0,0,0,0,1,1,1,0,3,0,0,1,0,0,0,0,1,0,0,1,0,0,0,0,0,0,0
0,131,0,0,0,0,1,0,0,0,0,0,13,0,0,0,0,0,0,2,1,0,3,0,0,0,0,0,0,0,0,0,0,0,0,0,0,0,0,0,0
0,132,0,0,0,0,1,0,0,0,0,0,8,0,0,0,0,0,0,1,0,0,1,0,0,0,0,0,0,0,0,0,0,0,0,0,0,0,0,0,0
0,133,0,0,0,0,2,0,0,0,0,0,20,0,0,0,0,0,0,2,1,0,3,0,0,0,0,3,0,0,0,0,1,0,0,0,0,0,0,0,0
0,134,0,0,0,0,1,0,0,0,0,0,43,0,0,0,0,0,0,2,7,0,8,0,0,0,6,6,0,0,0,0,0,0,1,0,0,0,0,0,0
0,135,1,0,0,0,1,0,0,0,0,0,6,0,0,0,0,0,0,1,0,0,1,0,0,0,0,0,0,0,1,0,0,0,0,0,0,0,0,0,0
1,0,0,0,0,0,2,0,1,0,0,0,32,0,0,0,0,0,0,2,4,0,5,0,0,0,4,4,0,0,0,0,0,0,0,0,0,0,0,0,0
1,1,1,0,0,0,1,0,0,0,0,0,13,0,0,0,0,0,0,2,1,0,3,0,0,0,0,0,0,0,1,0,0,0,0,0,0,0,0,0,0
1,2,0,0,0,0,2,0,0,0,0,0,10,0,0,0,0,0,0,2,0,0,2,0,0,0,0,0,0,0,0,0,0,0,0,0,0,0,0,0,0
1,3,0,0,5,7,3,1,2,3,0,0,289,0,0,7,0,0,3,10,32,1,24,0,0,8,2,53,0,0,0,0,0,3,0,0,1,0,0,0,7
1,4,0,0,0,0,2,0,0,0,0,0,16,0,0,0,0,0,0,2,1,0,3,0,0,0,1,1,0,0,0,0,0,0,0,0,0,0,0,0,0
1,5,0,0,0,0,1,0,0,0,0,0,13,0,0,0,0,0,0,2,1,0,3,0,0,0,0,0,0,0,0,0,0,0,0,0,0,0,0,0,0
1,6,0,0,0,0,2,0,1,0,0,0,65,0,3,1,0,0,1,3,5,0,6,0,0,0,0,14,0,0,0,0,2,1,0,0,0,0,0,0,0
1,7,0,0,0,0,2,0,0,0,0,0,83,0,1,0,0,0,0,2,11,0,13,0,0,0,4,20,0,0,0,0,2,0,0,0,0,4,0,0,0
1,8,0,0,0,0,8,5,1,0,0,0,102,0,0,0,0,0,0,10,10,1,6,0,6,5,5,19,0,0,0,2,0,0,1,0,3,1,0,0,1
1,9,0,0,6,0,7,4,4,0,0,0,197,0,4,0,0,0,1,11,35,2,14,0,12,2,1,33,0,0,0,3,0,2,3,0,5,7,0,0,0
1,10,0,0,0,0,4,1,4,0,0,0,90,0,0,0,0,0,3,4,8,1,6,0,0,1,0,14,0,0,0,0,3,5,0,0,3,0,0,0,0
1,11,0,2,0,0,1,0,0,0,0,0,42,0,0,0,0,0,3,1,12,0,3,0,6,0,0,0,0,0,0,2,0,3,0,0,0,0,0,0,0
1,12,0,0,0,1,4,5,1,0,3,1,125,0,0,0,0,0,9,5,18,0,5,0,0,4,4,15,1,0,0,0,2,15,0,0,3,0,0,0,2
1,13,0,0,0,4,6,1,2,0,0,0,110,0,0,1,0,0,2,15,13,2,7,2,1,1,2,11,1,0,0,1,0,6,0,1,8,0,0,0,4
1,14,20,0,0,0,47,24,13,0,0,0,493,0,1,12,0,0,8,50,65,12,30,0,23,11,14,52,0,0,2,5,1,10,0,0,10,0,0,0,3
1,15,0,0,0,1,9,1,1,0,0,0,276,0,0,0,0,0,1,24,39,0,58,0,1,1,0,39,3,0,0,1,0,1,0,0,39,0,0,0,1
1,16,0,0,0,0,2,0,2,0,0,0,39,0,2,0,0,0,0,4,2,0,6,0,0,0,0,4,0,0,0,0,0,0,0,0,0,0,0,0,0
1,17,0,0,0,0,8,3,3,0,0,0,66,0,0,0,0,0,0,10,5,0,8,0,2,2,2,5,0,0,0,1,0,0,0,0,3,0,0,0,0
1,18,0,0,0,0,1,0,0,0,0,0,58,0,0,0,0,0,0,8,6,0,14,0,0,0,1,6,0,0,0,0,0,0,0,0,5,0,0,0,0
1,19,0,0,0,0,2,0,0,0,0,0,10,0,0,0,0,0,0,2,0,0,2,0,0,0,0,0,0,0,0,0,0,0,0,0,0,0,0,0,0
1,20,0,0,0,1,3,2,1,1,0,0,129,0,2,3,0,0,2,8,18,0,13,0,5,3,2,17,0,0,0,1,0,2,1,0,9,0,0,0,1
1,21,0,0,0,0,3,0,0,0,0,0,27,0,0,0,0,0,2,4,1,0,2,0,0,0,0,2,0,1,0,0,0,4,1,0,0,1,0,0,0
1,22,0,0,2,0,0,2,1,1,0,0,80,0,1,5,0,0,1,0,11,2,7,0,1,1,1,9,0,0,0,1,0,2,0,0,4,0,0,0,0
1,23,0,0,0,0,1,0,1,0,0,0,19,0,0,0,0,0,1,1,1,0,2,0,0,0,1,1,0,0,0,0,0,1,0,0,0,0,0,0,0
1,24,0,0,2,0,1,0,0,0,0,0,40,0,1,1,0,0,1,2,4,2,4,0,0,0,0,6,0,0,0,0,0,2,1,0,1,0,0,0,0
1,25,0,0,0,1,4,0,0,0,0,0,49,0,1,0,0,0,0,10,3,1,8,0,0,0,1,4,0,0,0,0,0,0,2,0,1,0,0,0,1
1,26,0,0,0,0,2,3,0,0,0,0,100,0,0,1,0,0,7,9,14,0,6,0,5,1,0,8,0,0,0,2,0,12,0,0,4,0,0,0,1
1,27,9,0,0,0,16,5,0,0,0,0,130,0,0,0,1,0,0,19,27,1,8,0,25,6,1,2,0,0,1,11,0,0,0,0,0,1,0,1,0
1,28,0,0,0,0,4,0,0,0,0,0,67,0,0,0,1,0,1,4,10,1,13,0,0,0,2,9,0,0,0,0,0,2,0,0,7,0,0,0,0
1,29,0,1,0,0,1,0,0,0,0,0,17,0,0,0,0,0,1,1,1,0,3,0,0,1,0,0,0,0,0,0,0,1,0,0,0,0,0,0,0
1,30,0,0,0,0,0,0,7,0,0,0,68,0,0,0,0,0,0,0,7,0,7,0,0,0,1,7,0,0,0,0,0,0,0,0,6,0,0,0,0
1,31,0,0,0,0,1,3,1,1,0,0,74,0,2,5,0,0,1,2,9,2,7,0,1,2,0,6,0,0,0,1,0,2,0,0,4,0,0,0,0
1,32,0,0,0,0,1,0,0,0,0,0,14,0,1,0,0,0,0,1,1,0,2,0,0,0,0,2,0,0,0,0,0,0,0,0,0,0,0,0,0
1,33,0,0,0,0,1,0,0,0,0,0,13,0,0,0,0,0,0,2,2,0,1,0,2,0,0,0,0,0,0,1,0,0,0,0,0,0,0,0,0
1,34,0,0,0,0,7,0,0,0,0,0,35,0,0,2,0,0,0,7,2,0,6,0,2,0,0,0,0,0,0,1,0,0,0,0,0,0,0,0,0
1,35,0,0,0,0,14,3,1,0,0,0,154,0,0,0,0,0,0,21,28,0,9,0,23,3,3,18,0,0,0,7,0,0,0,0,4,4,0,0,0
1,36,0,0,0,0,3,0,1,0,0,0,30,0,0,0,0,0,0,3,2,0,3,0,0,0,0,5,0,0,0,0,1,0,0,0,0,1,0,0,0
1,37,0,0,0,0,5,1,0,0,0,0,40,0,0,1,0,0,0,7,2,0,8,0,1,1,0,1,0,0,0,1,0,0,0,0,1,0,0,0,0
1,38,0,0,0,0,6,0,3,0,0,0,55,0,0,1,0,0,0,6,5,0,5,0,0,0,0,5,0,0,0,0,0,0,0,0,5,0,0,0,0
1,39,0,0,0,2,1,0,0,0,0,1,44,0,4,0,0,0,1,5,5,0,1,0,0,0,1,7,1,0,0,0,0,1,2,0,0,0,0,0,2
1,40,0,0,0,0,1,0,0,0,0,0,27,0,0,0,1,0,0,3,3,2,4,0,0,0,1,3,0,0,0,0,0,0,0,0,1,0,0,0,1
1,41,0,0,6,0,5,1,0,0,0,0,85,0,0,1,0,0,1,5,10,2,10,0,0,1,2,16,0,0,0,0,0,2,0,0,1,0,0,0,2
1,42,0,0,0,0,3,3,0,0,0,0,12,0,0,0,0,0,0,3,0,0,1,0,0,1,0,0,0,0,0,0,0,0,0,0,0,0,0,0,0
1,43,0,0,0,0,0,0,0,0,0,1,78,0,0,0,0,0,0,0,28,0,1,0,14,0,0,14,0,0,0,1,0,0,0,0,14,0,0,0,0
1,44,0,0,0,0,13,0,9,0,0,0,192,0,1,0,0,0,0,13,34,0,21,0,9,0,0,26,0,0,0,1,0,0,0,0,24,0,0,0,0
1,45,0,0,0,0,2,0,1,0,0,0,25,0,0,0,0,0,1,3,1,0,1,0,0,0,0,2,0,0,0,0,0,2,1,0,0,1,0,0,0
1,46,0,0,0,0,0,0,0,0,0,0,25,0,0,0,0,0,0,0,4,0,4,0,0,0,0,4,0,0,0,0,0,0,0,0,4,0,0,0,0
1,47,5,0,0,8,99,55,2,0,7,2,958,0,0,0,0,0,23,112,160,0,37,0,84,52,22,78,0,0,1,28,3,50,1,1,29,0,0,0,17
1,48,0,0,0,3,14,0,1,0,0,0,167,0,0,0,0,0,0,17,34,0,13,0,19,0,5,20,0,0,0,8,0,0,0,0,7,3,0,0,2
1,49,0,0,0,1,9,1,1,0,0,0,276,0,0,0,0,0,1,24,39,0,58,0,1,1,0,39,3,0,0,1,0,1,0,0,39,0,0,0,1
1,50,0,0,0,1,7,2,1,0,0,0,102,0,0,2,0,0,0,13,10,1,17,0,0,1,0,12,0,0,0,0,1,0,0,0,7,0,0,0,1
1,51,0,0,0,0,36,14,4,0,0,0,330,0,0,0,5,0,8,45,68,0,5,3,48,8,8,25,0,0,0,12,2,16,4,0,4,0,0,0,0
1,52,0,0,0,0,0,0,0,0,0,0,11,0,1,0,0,0,0,0,1,0,1,0,0,0,0,2,0,0,0,0,0,0,0,0,0,0,0,0,0
1,53,0,0,0,0,5,1,3,0,0,0,69,0,1,1,0,0,0,10,3,0,13,0,0,1,2,4,0,0,0,0,0,0,0,0,0,0,0,0,0
1,54,0,2,0,0,18,0,15,0,0,0,179,0,0,0,0,0,4,18,14,0,1,0,0,0,0,19,0,0,0,0,0,35,0,0,9,0,0,0,0
1,55,0,0,0,0,12,6,0,0,0,0,105,0,1,0,0,0,2,13,24,1,2,0,18,3,0,7,0,0,0,5,0,3,0,0,3,2,0,0,0
1,56,0,0,0,0,2,0,0,0,0,0,33,0,0,0,0,0,0,2,4,0,5,0,1,0,1,5,0,0,0,1,0,0,0,0,0,2,0,0,0
1,57,0,0,0,0,2,0,1,0,0,0,21,0,0,0,0,0,0,2,2,0,2,0,0,0,0,2,0,0,0,0,0,0,0,0,2,0,0,0,0
1,58,0,0,0,0,5,3,1,0,0,0,143,0,2,0,1,0,3,7,31,1,7,0,19,2,6,13,0,0,0,10,0,4,0,0,3,0,0,0,0
1,59,0,0,0,0,9,2,0,0,0,0,77,0,0,3,0,0,0,15,3,0,17,0,1,2,0,2,1,0,0,1,0,0,0,0,2,0,0,0,0
1,60,0,1,0,0,1,0,0,0,0,0,13,0,0,0,0,0,1,1,1,0,2,0,0,0,0,0,0,0,0,0,0,1,0,0,0,0,0,0,0
1,61,0,0,0,0,5,3,0,0,0,0,26,0,0,1,0,0,0,5,0,0,4,0,0,2,0,0,0,0,0,0,0,0,0,0,0,0,0,1,0
1,62,0,0,0,0,3,0,0,0,0,0,36,0,1,0,0,0,0,3,2,0,7,0,0,0,0,4,0,0,0,2,0,0,0,0,1,0,0,0,0
1,63,0,0,0,0,1,0,0,0,0,0,7,0,0,0,0,0,0,1,0,0,1,0,0,0,0,0,0,0,0,0,0,0,0,0,0,0,0,0,0
1,64,0,0,0,0,2,1,2,0,0,0,36,0,0,0,0,0,0,2,3,1,3,0,0,1,0,4,0,0,0,0,0,0,0,0,1,1,0,0,0
1,65,0,0,0,0,0,0,1,0,0,0,15,0,0,0,0,0,0,0,1,0,1,0,0,0,0,2,0,0,0,0,0,0,0,0,0,0,0,0,0
1,66,0,0,0,1,2,0,1,0,2,2,81,0,0,0,0,0,4,3,15,0,2,0,2,0,1,7,0,0,0,3,0,6,0,0,1,1,0,0,1
1,67,0,0,0,0,11,2,0,0,0,0,83,0,0,3,0,0,0,17,3,0,19,0,1,2,0,2,3,0,0,1,0,0,0,0,2,0,0,0,0
1,68,0,0,0,2,4,2,0,0,0,0,112,0,1,0,0,0,0,7,17,0,15,0,2,2,0,20,0,0,0,1,0,0,0,0,10,4,0,0,2
1,69,0,0,0,1,0,0,0,0,0,0,25,0,0,0,0,0,2,2,2,0,2,0,0,0,2,3,0,1,0,0,0,3,0,0,0,0,0,0,0
1,70,3,0,0,0,7,4,8,0,0,0,117,0,0,1,0,0,1,12,9,0,14,0,0,1,0,9,0,0,1,0,0,2,0,0,9,0,0,0,0
1,71,0,0,0,0,1,0,3,0,0,0,35,0,1,0,0,0,0,1,3,0,3,0,0,0,0,4,0,0,0,0,0,0,0,0,2,0,0,0,0
1,72,0,0,0,9,13,0,1,0,0,0,318,0,8,0,0,0,9,26,71,0,4,0,29,0,5,53,10,0,0,1,0,12,5,0,20,16,0,0,9
1,73,0,0,0,0,5,1,0,0,0,0,66,0,2,1,0,0,0,11,4,0,14,0,1,1,1,5,0,0,0,1,0,0,0,0,0,0,0,0,0
1,74,0,0,0,1,0,0,0,0,0,0,25,0,0,0,0,0,2,2,2,0,2,0,0,0,2,3,0,1,0,0,0,3,0,0,0,0,0,0,0
1,75,0,0,0,0,12,1,0,0,1,0,54,0,0,0,0,0,0,12,5,0,2,0,6,1,1,4,0,0,0,1,0,0,1,0,0,1,0,0,0
1,76,0,0,0,0,13,0,4,0,0,0,257,0,6,0,0,0,3,17,41,0,11,0,11,0,6,56,1,0,0,1,11,7,4,0,11,1,0,0,2
1,77,0,0,0,0,3,0,0,0,0,0,12,0,0,0,0,0,0,3,0,0,3,0,0,0,0,0,0,0,0,0,0,0,0,0,0,0,0,0,0
1,78,0,0,0,0,1,0,1,0,0,0,29,0,0,0,0,0,0,1,3,0,3,0,0,0,0,5,0,0,0,0,1,0,0,0,2,0,0,0,0
1,79,0,0,0,1,42,17,5,0,4,0,265,0,0,0,0,0,6,43,49,0,7,0,30,7,7,14,0,1,0,6,0,9,2,0,2,0,0,0,1
1,80,0,0,0,1,3,1,0,0,0,0,247,0,0,0,4,0,2,10,36,1,31,0,2,1,7,50,0,1,0,1,0,3,3,1,11,14,0,0,3
1,81,0,0,0,0,3,0,2,0,0,0,51,0,0,0,0,0,2,3,5,0,3,0,0,0,0,9,0,0,0,0,2,4,0,0,3,0,0,0,0
1,82,0,0,0,0,5,0,0,0,0,0,27,0,1,0,0,0,1,5,1,0,3,0,0,0,0,2,0,0,0,0,0,4,0,0,0,0,0,0,0
1,83,0,0,0,0,4,2,0,0,0,0,35,0,0,1,0,0,0,4,3,0,5,0,1,1,0,2,0,0,0,1,0,0,0,0,2,0,0,0,0
1,84,0,0,1,0,8,3,0,0,0,0,74,0,0,1,0,0,5,8,4,2,8,0,0,3,0,6,0,1,0,0,0,9,0,0,1,2,0,0,0
1,85,0,0,4,0,7,0,1,0,0,0,70,0,0,3,0,0,0,7,5,1,10,0,0,0,0,9,0,0,0,0,0,0,0,0,1,0,0,0,0
1,86,0,0,0,0,5,1,0,0,0,0,66,0,2,1,0,0,0,11,4,0,14,0,1,1,1,5,0,0,0,1,0,0,0,0,0,0,0,0,0
1,87,0,0,0,8,6,1,0,0,1,1,230,0,0,0,0,0,13,20,30,0,9,2,3,1,18,34,0,0,0,1,3,20,4,0,7,0,0,0,7
1,88,0,0,0,0,1,4,0,0,0,0,31,0,4,1,0,0,0,1,4,2,2,0,0,1,0,4,0,0,0,0,0,0,0,0,0,0,0,0,0
1,89,0,0,5,0,6,2,2,0,0,0,92,0,5,0,0,0,3,6,11,2,6,0,0,1,0,14,1,0,0,0,0,8,2,0,1,0,0,0,0
1,90,0,0,0,4,21,7,7,0,0,0,276,0,0,0,0,0,5,29,47,0,11,0,25,8,6,22,1,0,0,12,0,10,0,0,11,0,0,0,6
1,91,0,0,0,1,9,0,2,0,0,0,79,0,1,2,0,0,1,12,6,1,10,0,0,0,0,7,0,0,0,0,0,3,0,0,5,0,0,0,1
1,92,0,3,0,0,1,0,0,0,0,0,53,0,0,0,0,0,4,1,14,0,3,0,7,1,0,0,0,0,0,1,0,4,0,0,0,0,0,0,0
1,93,0,0,0,0,21,3,2,0,0,0,89,0,1,1,0,0,2,21,2,0,4,0,11,3,0,3,0,0,0,5,0,2,0,0,1,0,0,0,0
1,94,0,0,0,1,9,1,1,0,0,0,276,0,0,0,0,0,1,24,39,0,58,0,1,1,0,39,3,0,0,1,0,1,0,0,39,0,0,0,1
1,95,0,0,0,0,1,0,2,0,0,0,32,0,0,0,0,0,1,1,3,0,1,0,0,0,0,4,0,0,0,0,0,2,0,0,2,0,0,0,0
1,96,0,0,0,0,5,0,5,0,0,0,89,0,6,0,0,0,0,7,7,0,10,0,0,0,0,13,0,0,0,0,0,0,0,0,1,0,0,0,0
1,97,0,0,0,0,3,0,11,0,0,0,144,0,6,0,0,0,1,3,17,0,6,0,7,0,0,26,0,0,0,1,0,1,0,0,2,0,0,0,0
1,98,0,0,0,0,93,14,2,0,0,0,239,0,0,0,0,0,0,99,2,0,1,0,55,4,0,2,0,0,0,22,0,0,0,0,2,0,0,0,0
1,99,17,0,0,5,57,28,16,0,0,5,705,0,2,12,0,0,22,62,92,13,26,2,26,24,16,70,2,0,3,9,0,45,3,0,33,2,0,0,11
1,100,0,0,0,0,36,0,0,0,0,0,133,0,0,0,0,0,0,36,16,0,4,0,30,0,0,0,0,0,0,12,0,0,0,0,0,0,0,0,0
1,101,0,0,0,0,28,3,4,0,0,0,141,0,3,0,0,0,1,33,8,1,3,0,11,1,0,11,0,0,0,4,0,1,3,0,5,0,0,0,1
1,102,0,0,0,0,3,0,3,0,0,0,47,0,2,2,0,0,0,3,3,0,4,0,0,0,0,5,0,0,0,0,0,0,0,0,1,0,0,0,0
1,103,17,0,0,2,23,3,6,0,3,1,240,0,0,0,0,0,13,25,35,0,12,0,4,3,7,17,2,0,2,1,0,19,1,0,10,0,0,0,4
1,104,0,0,0,0,8,0,0,0,0,0,112,0,0,0,0,0,0,19,25,0,9,0,20,0,0,8,0,0,0,5,0,0,0,0,2,3,0,0,0
1,105,0,0,0,0,3,0,1,0,0,0,41,0,1,0,0,0,3,3,3,0,1,0,0,0,0,5,0,0,0,0,0,6,0,0,2,0,1,0,1
1,106,0,0,0,0,2,0,2,0,0,0,39,0,2,0,0,0,0,4,2,0,6,0,0,0,0,4,0,0,0,0,0,0,0,0,0,0,0,0,0
1,107,0,0,0,1,6,6,1,0,9,0,396,0,0,0,0,0,21,19,76,0,3,0,39,20,4,23,0,11,0,19,0,39,2,0,2,0,0,0,1
1,108,0,1,0,0,5,0,0,0,0,0,79,0,0,0,0,0,2,11,27,0,3,0,19,0,0,0,0,0,0,3,0,2,0,0,0,0,0,0,0
1,109,0,0,0,0,1,1,0,0,0,0,165,0,0,0,0,0,3,2,27,1,29,0,0,1,5,27,0,0,0,0,0,3,0,0,18,4,3,0,0
1,110,12,0,0,0,2,0,0,0,0,0,11,0,0,0,0,0,0,2,0,0,2,0,0,0,0,0,0,0,1,0,0,0,0,0,0,0,0,0,0
1,111,0,0,0,0,1,1,0,0,0,1,67,0,0,0,0,0,0,3,11,2,11,0,0,1,0,11,0,0,0,0,0,0,0,0,10,1,0,0,1
1,112,0,0,0,3,39,10,4,0,3,0,374,0,0,0,0,0,10,42,48,0,11,0,14,9,0,52,0,0,0,8,8,24,0,0,19,3,0,0,4
1,113,0,0,0,0,0,1,0,0,0,0,8,0,0,0,0,0,0,0,1,0,1,0,0,1,0,0,0,0,0,0,0,0,0,0,0,0,0,0,0
1,114,0,0,0,0,1,0,0,0,0,0,15,0,0,0,0,0,1,1,1,0,2,0,0,0,0,1,0,0,0,0,0,1,0,0,1,0,0,0,0
1,115,0,0,0,0,1,0,0,0,0,0,36,0,0,0,0,0,1,4,1,0,1,0,0,0,0,7,0,0,0,0,1,2,3,0,0,0,0,0,0
1,116,0,0,0,0,7,1,0,0,0,0,71,0,1,7,0,0,0,7,4,8,11,0,0,1,0,1,0,0,0,0,0,0,0,0,0,0,0,0,0
1,117,0,0,1,0,8,3,0,0,0,0,74,0,0,1,0,0,5,8,4,2,8,0,0,3,0,6,0,1,0,0,0,9,0,0,1,2,0,0,0
1,118,0,0,0,0,16,12,1,0,0,0,191,0,0,0,0,0,0,20,22,0,30,0,0,1,0,34,0,0,0,0,4,0,0,0,18,0,0,0,0
1,119,0,0,0,0,1,0,0,0,1,0,25,0,0,0,0,0,0,1,5,0,2,0,1,0,0,2,0,0,0,1,0,0,0,0,0,1,0,0,0
1,120,0,0,0,0,4,0,0,0,0,0,170,0,1,0,0,0,0,4,28,0,32,0,0,0,0,35,0,0,0,0,2,0,0,0,23,2,0,0,0
1,121,0,1,0,0,1,0,0,0,0,0,17,0,0,0,0,0,1,1,1,0,3,0,0,0,0,0,0,0,0,1,0,1,0,0,0,0,0,0,0
1,122,0,0,0,0,1,0,0,1,0,0,50,0,1,3,0,0,0,1,6,0,6,0,0,0,0,7,0,0,0,0,0,0,1,0,4,0,0,0,0
1,123,0,0,0,0,2,0,0,0,0,0,13,0,0,0,0,0,0,2,1,0,3,0,0,0,0,0,0,0,0,0,0,0,0,0,0,0,0,0,0
1,124,0,0,0,4,6,1,2,0,0,0,110,0,0,1,0,0,2,15,13,2,7,2,1,1,2,11,1,0,0,1,0,6,0,1,8,0,0,0,4
1,125,0,0,0,0,6,0,0,0,0,0,41,0,0,0,0,0,0,6,3,0,9,0,0,0,0,5,0,0,0,0,0,0,0,0,1,2,0,0,0
1,126,0,0,0,0,1,0,0,0,0,0,11,0,0,0,0,0,0,2,0,0,2,0,0,0,0,0,0,0,0,0,0,0,0,0,0,0,0,0,0
1,127,0,0,0,0,1,0,1,0,0,0,22,0,1,0,0,0,0,1,2,0,2,0,0,0,1,3,0,0,0,0,0,0,0,0,0,0,0,0,0
1,128,0,0,0,0,17,15,1,1,0,1,104,0,0,4,0,0,2,19,5,1,9,0,0,5,0,5,0,0,0,0,0,3,0,0,4,0,0,2,1
1,129,0,1,0,0,1,0,0,0,0,0,17,0,0,0,0,0,1,1,1,0,3,0,0,0,0,0,0,0,0,1,0,1,0,0,0,0,0,0,0
1,130,0,0,0,0,12,8,0,0,0,0,83,0,0,0,0,0,0,13,9,0,9,0,5,3,1,9,0,0,0,2,0,0,0,0,5,0,0,0,0
1,131,0,0,8,3,4,3,1,1,1,0,172,0,0,2,1,0,1,6,26,2,13,0,3,3,2,31,1,0,0,3,0,2,0,0,8,0,0,0,4
1,132,0,0,5,0,4,4,2,0,0,0,102,0,2,3,0,0,0,6,12,3,10,0,0,2,2,15,0,0,0,0,0,0,2,0,1,0,0,0,0
1,133,0,0,0,0,1,0,1,0,0,0,17,0,0,0,0,0,0,1,1,1,2,0,0,0,0,1,0,0,0,0,0,0,0,0,1,0,0,0,0
2,0,0,0,9,14,38,11,3,6,3,1,656,0,5,16,0,0,22,63,70,3,45,7,7,16,5,71,3,0,0,6,4,45,10,0,34,0,0,0,13
2,1,0,0,15,0,1,0,0,0,0,0,194,0,0,0,0,0,13,5,17,1,18,0,0,3,2,31,0,13,0,6,0,26,0,0,0,0,0,0,0
2,2,0,0,0,0,2,0,1,0,0,0,16,0,0,0,0,0,0,2,1,0,1,0,0,0,0,1,0,0,0,0,0,0,0,0,1,0,0,0,0
2,3,0,0,0,0,0,0,0,0,0,0,15,0,0,0,0,0,0,0,2,0,2,0,0,0,0,2,0,0,0,0,0,0,0,0,2,0,0,0,0
2,4,0,0,0,0,2,0,0,0,0,0,47,0,0,0,0,0,0,2,7,0,9,0,0,0,0,8,0,0,0,0,0,0,0,0,6,1,0,0,0
2,5,0,0,0,0,3,1,1,0,0,0,66,0,2,0,0,0,1,5,4,0,5,0,0,1,0,14,0,0,0,0,2,2,1,0,0,0,0,0,0
2,6,0,0,0,0,8,4,3,0,0,0,115,0,3,4,0,0,0,16,5,0,20,0,1,4,0,7,0,0,0,1,0,0,0,0,1,0,0,0,0
2,7,0,0,0,9,13,0,1,0,0,0,318,0,8,0,0,0,9,26,71,0,4,0,29,0,5,53,10,0,0,1,0,12,5,0,20,16,0,0,9
2,8,0,0,0,0,1,0,1,0,0,0,21,0,0,0,0,0,0,1,1,0,3,0,0,0,0,1,0,0,0,2,0,0,0,0,1,0,0,0,0
2,9,0,0,0,0,4,1,1,0,0,0,107,0,0,5,1,0,0,7,13,2,18,0,1,1,0,11,0,0,0,1,0,0,0,0,11,0,0,0,0
2,10,0,0,0,0,1,0,0,0,0,0,118,0,0,0,0,0,17,3,23,0,3,0,13,0,0,0,0,0,0,7,0,21,0,0,0,0,0,0,0
2,11,0,0,15,0,10,5,1,2,0,0,276,0,4,5,0,0,17,11,37,3,18,5,1,2,7,34,0,0,0,3,0,34,1,0,0,0,0,0,4
2,12,0,0,0,1,17,4,7,0,0,0,216,0,2,1,0,0,9,18,20,2,10,5,0,3,0,26,1,0,0,0,1,22,9,0,11,0,2,0,1
2,13,0,0,0,0,5,1,1,0,0,0,41,0,0,0,0,0,0,5,3,0,6,0,1,1,1,4,0,0,0,1,0,0,0,0,2,0,0,0,0
2,14,0,0,0,0,8,3,1,0,0,0,82,0,0,0,0,0,0,8,17,0,6,0,9,1,1,8,0,0,0,3,0,0,0,0,7,0,0,0,0
2,15,0,0,0,1,3,0,1,0,0,1,129,0,0,0,0,0,1,9,18,1,9,0,6,0,3,24,0,0,0,3,0,2,0,0,9,0,0,0,3
2,16,0,0,0,0,1,0,0,0,0,0,13,0,0,0,0,0,0,2,1,0,3,0,0,0,0,0,0,0,0,0,0,0,0,0,0,0,0,0,0
2,17,0,0,4,0,2,0,0,0,0,0,74,0,0,0,0,0,0,2,10,1,10,0,0,0,0,17,0,0,0,0,0,0,2,0,3,3,0,0,0
2,18,0,0,0,0,2,2,0,0,0,0,11,0,0,0,0,0,0,2,0,0,1,0,0,1,0,0,0,0,0,0,0,0,0,0,0,0,0,0,0
2,19,13,0,0,0,1,0,0,0,0,0,13,0,0,0,0,0,0,1,1,0,2,0,0,0,0,1,0,0,1,0,0,0,0,0,1,0,0,0,0
2,20,0,0,0,0,11,4,0,0,0,0,66,0,0,3,0,0,0,14,4,1,10,0,4,2,0,0,0,0,0,2,0,0,0,0,0,0,0,0,0
2,21,0,0,0,0,3,0,0,0,0,0,131,0,1,0,2,0,2,3,21,0,21,2,1,0,9,22,0,0,0,3,0,6,0,0,9,0,0,0,0
2,22,0,0,0,0,11,2,1,0,0,0,118,0,3,0,0,0,0,18,19,0,15,0,13,2,1,9,0,0,0,4,0,0,0,0,2,0,0,0,0
2,23,0,0,0,0,10,2,3,0,0,0,103,0,3,9,0,0,0,12,3,1,14,0,0,1,0,6,0,0,0,0,0,0,0,0,0,0,0,0,0
2,24,0,0,0,8,24,2,12,0,2,3,510,0,0,0,0,0,21,36,87,0,16,0,28,2,6,66,1,0,0,10,4,40,3,1,35,0,0,0,5
2,25,0,0,0,0,7,5,0,0,0,0,40,0,0,2,0,0,0,7,0,0,6,0,0,4,0,0,0,0,0,0,0,0,0,0,0,0,0,0,0
2,26,0,0,0,0,1,0,1,0,0,0,41,0,1,0,0,0,0,2,4,0,5,0,0,0,1,7,0,0,0,0,1,0,0,0,1,0,0,0,0
2,27,0,0,0,0,2,0,0,0,0,0,10,0,0,0,0,0,0,2,0,0,2,0,0,0,0,0,0,0,0,0,0,0,0,0,0,0,0,0,0
2,28,0,0,0,0,6,3,3,0,0,0,98,0,3,3,0,0,0,12,5,0,16,0,1,3,0,7,0,0,0,1,0,0,0,0,1,0,0,0,0
2,29,0,0,0,1,23,23,0,0,0,0,196,0,0,0,0,0,4,29,21,0,10,0,12,9,7,23,0,3,0,5,0,8,0,0,4,4,0,0,1
2,30,0,0,0,1,10,10,2,0,10,1,245,0,0,0,0,0,7,11,55,0,9,0,13,7,4,15,0,0,0,9,0,11,1,0,5,0,0,0,1
2,31,0,1,0,0,2,0,0,0,0,0,20,0,0,0,0,0,1,2,2,0,3,0,1,0,0,0,0,0,0,1,0,1,0,0,0,0,0,0,0
2,32,0,1,0,9,14,11,1,13,0,6,645,0,0,39,1,0,3,30,68,1,70,0,0,23,0,84,8,0,0,0,0,3,0,0,50,0,0,0,14
2,33,0,0,0,0,1,0,1,0,0,0,22,0,1,0,0,0,0,1,2,0,2,0,0,0,1,3,0,0,0,0,0,0,0,0,0,0,0,0,0
2,34,0,0,0,0,2,0,1,0,0,0,16,0,0,0,0,0,0,2,1,0,2,0,0,0,1,1,0,0,0,0,0,0,0,0,0,0,0,0,0
2,35,0,0,0,0,4,0,0,0,0,0,29,0,0,0,0,0,2,4,1,0,1,0,0,0,0,4,2,0,0,0,1,6,0,0,0,0,0,0,0
2,36,0,0,0,0,2,0,0,0,0,0,16,0,0,1,0,0,0,2,2,0,1,0,2,0,0,0,0,0,0,1,0,0,0,0,0,0,0,0,0
2,37,0,0,3,0,18,6,2,1,0,0,222,0,3,10,4,0,0,30,15,3,20,0,3,3,0,22,0,0,0,2,0,0,15,0,3,0,0,0,0
2,38,0,0,0,0,5,1,1,0,1,0,65,0,0,0,0,0,5,7,7,0,3,0,0,1,1,4,0,0,0,0,0,10,2,0,3,0,0,0,1
2,39,0,0,0,2,17,4,22,0,0,0,324,0,0,0,1,0,2,20,49,0,15,0,25,1,2,40,2,0,0,5,4,2,0,0,18,0,0,0,2
2,40,0,0,0,0,3,0,6,0,0,0,71,0,0,1,0,0,0,3,6,0,9,0,0,0,0,6,0,0,0,0,0,0,0,0,6,0,0,0,0
2,41,0,0,0,2,4,0,1,0,0,0,86,0,0,0,0,0,8,8,9,0,4,0,0,0,6,9,0,0,0,0,0,14,0,0,3,0,0,0,2
2,42,0,0,0,1,4,2,0,0,0,0,29,0,0,0,0,0,0,6,1,1,4,0,0,2,0,1,0,0,0,0,0,0,0,0,1,0,0,0,1
2,43,0,0,0,0,1,0,0,0,0,0,10,0,0,1,0,0,0,1,0,0,1,0,0,0,0,0,0,0,0,0,0,0,0,0,0,0,0,0,0
2,44,0,0,0,0,9,8,0,0,0,0,50,0,0,1,0,0,0,11,1,0,8,0,0,4,0,1,0,0,0,0,0,0,0,0,1,0,0,1,0
2,45,0,0,0,0,9,0,6,0,0,0,81,0,0,0,0,0,0,9,9,0,6,0,0,0,9,9,0,0,0,0,0,0,0,0,0,0,0,0,0
2,46,0,0,0,1,5,4,1,0,0,0,75,0,3,0,1,0,2,8,6,2,6,0,0,2,1,11,0,0,0,0,0,3,0,0,1,0,0,0,1
2,47,5,0,0,0,1,0,0,0,0,0,22,0,0,0,0,0,0,3,2,1,3,0,0,0,1,2,0,0,1,0,0,0,0,0,1,0,0,0,1
2,48,0,0,0,3,15,10,2,0,0,0,204,0,0,6,0,0,6,22,22,0,15,0,5,2,1,24,0,0,0,1,0,6,1,0,11,5,0,0,3
2,49,0,0,0,1,2,0,2,0,0,0,54,0,0,0,0,0,2,3,4,1,2,1,0,0,0,9,1,0,0,0,2,3,1,0,1,0,0,0,1
2,50,0,0,0,0,1,0,2,0,0,0,54,0,0,1,0,0,5,1,4,1,3,1,0,0,0,5,0,0,0,0,0,7,0,0,2,1,0,0,0
2,51,0,0,0,0,11,6,0,0,0,0,134,0,1,0,0,0,0,18,27,0,9,0,19,5,0,12,0,0,0,4,0,0,1,0,4,3,0,0,0
2,52,0,0,0,0,1,0,0,0,0,0,13,0,0,0,0,0,0,2,1,0,3,0,0,0,0,0,0,0,0,0,0,0,0,0,0,0,0,0,0
2,53,0,0,0,0,3,2,0,0,0,0,55,0,2,2,0,0,0,7,4,2,10,0,1,2,0,3,0,0,0,1,0,0,0,0,0,0,0,0,0
2,54,0,0,0,0,0,2,0,0,0,0,36,0,2,0,0,0,0,4,4,2,3,0,0,1,0,4,0,0,0,0,0,0,2,0,2,0,0,0,1
2,55,0,0,0,0,1,1,0,0,0,0,165,0,0,0,0,0,3,2,27,1,29,0,0,1,5,27,0,0,0,0,0,3,0,0,18,4,3,0,0
2,56,0,0,0,0,91,0,56,0,0,0,658,0,0,0,0,0,4,93,91,0,6,4,29,1,0,62,0,0,0,1,0,12,0,0,62,0,0,0,29
2,57,0,0,4,2,12,3,1,0,1,0,207,0,1,2,0,0,5,20,28,3,21,0,5,2,4,25,0,3,0,2,0,10,3,0,6,2,0,0,2
2,58,0,0,0,0,2,0,2,0,0,0,39,0,2,0,0,0,0,4,2,0,6,0,0,0,0,4,0,0,0,0,0,0,0,0,0,0,0,0,0
2,59,0,0,0,0,5,2,0,0,1,0,139,0,3,0,0,0,0,19,24,0,16,0,15,2,2,14,2,0,0,5,2,0,0,0,0,0,0,0,0
2,60,0,0,0,0,19,6,3,0,0,0,151,0,0,5,0,0,0,19,13,0,17,0,0,3,0,13,0,0,0,0,0,0,6,0,7,0,0,0,0
2,61,0,1,0,5,12,5,0,0,2,4,211,0,0,2,0,0,18,17,38,0,7,0,15,4,0,11,0,0,0,3,0,24,0,0,4,0,0,0,2
2,62,0,0,0,0,2,0,1,0,0,0,28,0,0,0,0,0,0,3,2,0,4,0,0,0,0,3,0,0,0,0,0,0,0,0,1,1,0,0,0
2,63,0,0,0,0,4,0,0,0,0,0,158,0,0,0,0,0,0,4,33,0,12,0,13,0,0,33,0,0,0,4,0,0,3,0,20,0,0,0,0
2,64,0,0,0,0,25,7,0,0,0,0,215,0,0,0,0,0,2,31,39,0,10,0,37,14,1,1,0,0,0,7,0,2,0,0,0,0,0,0,0
2,65,22,0,0,0,5,0,2,0,0,0,87,0,0,2,0,0,1,11,7,0,13,0,0,0,1,9,0,0,1,0,1,2,0,0,5,0,0,0,1
2,66,0,0,0,0,0,0,0,0,0,0,3,0,0,0,0,0,0,0,0,0,0,0,0,0,0,0,0,0,0,0,0,0,0,0,0,0,0,0,0
2,67,0,0,6,0,0,0,0,0,0,0,104,0,1,3,0,0,4,5,10,1,12,0,0,0,0,18,0,4,0,0,0,5,0,0,3,0,0,0,1
2,68,0,0,5,3,2,3,0,4,0,0,149,0,0,10,0,0,2,6,16,1,12,1,0,7,0,14,2,1,0,0,0,5,2,0,5,0,0,0,3
2,69,4,0,0,0,2,0,0,0,0,0,13,0,0,0,0,0,0,2,1,0,3,0,0,0,0,0,0,0,1,0,0,0,0,0,0,0,0,0,0
2,70,0,0,0,2,12,2,0,0,2,0,91,0,0,0,0,0,2,14,11,0,3,0,9,2,0,7,0,0,0,4,0,2,0,0,7,0,0,0,2
2,71,0,0,0,0,1,0,0,0,0,0,10,0,0,0,0,0,0,2,0,0,2,0,0,0,0,0,0,0,0,0,0,0,0,0,0,0,0,0,0
2,72,0,0,0,7,45,0,28,0,0,0,516,0,2,35,0,0,0,55,28,0,70,0,0,0,0,32,2,0,0,0,1,0,0,0,25,0,0,0,0
2,73,0,0,0,0,1,0,0,0,0,0,13,0,0,0,0,0,0,2,1,0,3,0,0,0,0,0,0,0,0,0,0,0,0,0,0,0,0,0,0
2,74,0,0,0,0,2,0,0,0,0,0,35,0,1,0,0,0,1,2,3,0,3,0,0,0,0,7,0,0,0,0,1,3,0,0,0,1,0,0,0
2,75,0,0,0,1,6,3,3,1,0,0,209,0,3,3,0,0,3,11,36,0,13,0,14,3,0,36,0,0,0,1,0,3,1,0,17,0,0,0,1
2,76,0,0,0,13,54,22,12,0,6,2,862,0,14,0,0,0,13,68,161,0,22,0,52,24,34,132,0,3,0,10,5,16,0,0,34,10,0,0,13
2,77,0,1,0,0,7,0,0,0,0,0,83,0,0,0,0,0,3,9,29,0,2,0,20,0,0,0,0,0,0,4,0,3,0,0,0,0,0,0,0
2,78,0,0,0,0,11,1,0,0,0,0,85,0,0,0,0,0,0,14,22,0,1,0,22,1,0,0,0,0,0,9,0,0,0,0,0,0,0,0,0
2,79,0,0,0,1,1,2,0,0,0,0,106,0,0,1,1,0,1,6,14,2,13,0,0,4,11,14,0,0,0,0,0,1,0,0,2,0,0,0,4
2,80,0,0,0,0,1,0,0,0,0,0,76,0,0,0,0,0,0,3,13,1,14,0,0,0,1,13,0,0,0,0,0,0,0,0,12,0,0,0,1
2,81,0,0,1,1,4,1,1,0,1,0,57,0,0,0,0,0,1,4,8,1,6,0,0,1,0,7,0,0,0,0,0,1,0,0,2,1,0,0,1
2,82,0,0,0,0,1,0,0,0,0,0,13,0,0,0,0,0,0,2,1,0,3,0,0,0,0,0,0,0,0,0,0,0,0,0,0,0,0,0,0
2,83,0,0,0,0,2,0,2,0,0,0,39,0,2,0,0,0,0,4,2,0,6,0,0,0,0,4,0,0,0,0,0,0,0,0,0,0,0,0,0
2,84,0,0,0,2,5,0,1,0,1,3,86,0,0,0,0,0,4,7,13,0,6,0,1,0,2,9,0,0,0,1,0,6,0,0,6,0,0,0,2
2,85,5,0,0,1,6,0,1,0,0,0,60,0,0,0,0,0,1,6,8,0,5,0,3,0,1,8,0,0,1,1,1,2,1,0,1,1,0,0,0
2,86,0,0,0,1,5,0,3,0,0,0,85,0,0,0,0,0,2,8,11,0,8,0,3,0,1,10,0,2,0,1,0,4,0,0,7,0,0,0,0
2,87,0,0,0,0,6,3,10,0,0,0,144,0,3,0,0,0,0,7,14,0,12,0,5,3,0,20,0,0,0,2,5,0,0,0,5,0,0,0,0
2,88,0,0,0,0,2,0,0,0,0,0,14,0,0,0,0,0,0,2,0,0,3,0,0,0,0,0,0,0,0,1,0,0,0,0,0,0,0,0,0
2,89,0,0,0,0,9,4,1,0,0,0,61,0,0,0,0,0,0,10,7,0,5,0,6,4,0,3,0,0,0,2,1,0,0,0,0,0,0,0,0
2,90,0,0,0,0,81,0,0,0,0,0,329,0,1,10,1,0,0,91,4,0,94,0,1,0,0,4,0,0,0,1,0,0,0,0,1,0,0,37,0
2,91,0,0,25,0,2,0,0,0,0,0,321,0,0,0,0,0,22,6,32,1,27,0,0,0,1,62,0,13,0,8,0,41,0,0,6,0,0,0,0
2,92,0,0,0,0,1,0,0,0,0,0,29,0,0,3,0,0,0,5,0,0,5,0,0,0,0,0,0,0,0,0,0,0,0,0,0,0,0,0,0
2,93,0,0,0,1,0,0,0,0,0,0,25,0,0,0,0,0,2,2,2,0,2,0,0,0,2,3,0,1,0,0,0,3,0,0,0,0,0,0,0
2,94,0,10,0,1,6,2,0,0,1,0,474,0,0,1,0,0,68,23,106,0,5,0,53,6,0,3,0,0,0,10,0,97,0,0,2,0,0,0,0
2,95,0,0,0,2,4,2,2,0,3,0,161,0,1,0,0,0,5,7,32,0,3,0,10,2,2,24,2,0,0,3,3,6,1,0,7,0,0,0,3
2,96,0,0,0,0,1,0,1,0,0,0,15,0,0,0,0,0,0,1,1,0,1,0,0,0,0,1,0,0,0,0,0,0,0,0,1,0,0,0,0
2,97,0,0,0,1,23,9,5,0,1,0,233,0,0,0,0,0,15,24,25,0,10,0,0,7,11,23,0,0,0,0,0,30,0,0,12,0,0,0,4
2,98,0,0,0,1,0,0,0,0,0,0,25,0,0,0,0,0,2,2,2,0,2,0,0,0,2,3,0,1,0,0,0,3,0,0,0,0,0,0,0
2,99,0,0,0,0,0,0,0,0,0,0,13,0,2,0,0,0,0,0,2,0,2,0,0,0,0,2,0,0,0,0,0,0,0,0,0,0,0,0,0
2,100,0,0,0,0,6,0,2,0,0,0,60,0,0,0,0,0,0,8,5,1,6,0,0,0,1,9,0,0,0,0,0,0,0,0,1,3,0,0,1
2,101,0,0,0,0,95,82,1,0,0,0,286,0,2,7,0,0,0,95,3,0,26,0,0,12,1,5,0,0,0,0,0,0,0,0,0,0,0,4,0
2,102,0,0,0,0,44,28,7,0,0,0,356,0,1,24,0,0,1,62,14,0,41,0,2,6,0,21,0,0,0,2,0,2,0,0,13,0,0,0,1
2,103,0,0,0,0,8,0,0,0,0,0,20,0,0,0,0,0,0,8,0,0,1,0,4,0,0,0,0,0,0,1,0,0,0,0,0,0,0,0,0
2,104,0,0,0,7,7,7,0,2,0,2,304,0,1,6,0,0,11,19,37,2,15,0,0,5,16,46,0,0,0,0,0,17,14,1,2,0,0,0,5
2,105,0,0,0,3,4,1,0,0,0,0,88,0,0,0,0,0,0,4,15,1,10,0,0,1,1,16,3,0,0,0,0,0,0,0,12,2,0,0,3
2,106,0,0,0,0,9,4,1,0,0,0,79,0,0,3,0,0,1,9,4,0,7,0,0,4,2,8,0,0,0,0,2,1,0,0,0,0,0,1,0
2,107,0,0,0,0,0,0,0,0,0,0,9,0,0,0,0,0,0,0,1,0,1,0,0,0,0,1,0,0,0,0,0,0,0,0,1,0,0,0,0
2,108,13,0,0,0,52,10,0,0,0,0,243,0,0,0,0,0,4,65,49,0,15,0,47,5,0,4,0,0,1,2,0,6,0,1,0,2,2,0,0
2,109,0,0,0,0,5,0,0,0,0,0,63,0,0,0,0,0,0,9,4,0,13,0,0,0,1,10,0,0,0,0,0,0,0,0,0,3,0,0,0
2,110,9,0,1,0,3,0,1,0,0,0,26,0,0,0,0,0,0,3,2,1,3,0,0,0,0,3,0,0,1,0,0,0,0,0,0,1,0,0,0
2,111,0,0,0,0,7,2,0,0,0,0,58,0,0,3,0,0,1,7,3,0,9,0,0,2,0,4,0,0,0,0,0,2,0,0,3,0,0,0,0
2,112,0,0,0,0,0,0,7,0,0,0,68,0,0,0,0,0,0,0,7,0,7,0,0,0,1,7,0,0,0,0,0,0,0,0,6,0,0,0,0
2,113,0,0,0,0,19,30,0,0,0,0,163,0,0,0,0,0,0,19,18,0,2,0,7,8,10,36,0,0,0,1,0,0,0,0,0,8,0,0,0
2,114,0,0,0,0,1,0,0,0,0,0,8,0,0,0,0,0,0,1,0,0,1,0,0,0,0,0,0,0,0,0,0,0,0,0,0,0,0,0,0
2,115,0,0,0,1,30,6,33,0,0,0,526,0,6,11,3,0,10,37,42,3,49,0,0,1,0,59,5,0,0,0,3,17,2,1,23,0,5,0,1
2,116,0,0,0,0,9,10,0,0,1,0,55,0,0,2,0,0,0,9,4,0,4,0,0,4,0,2,0,0,0,0,0,0,0,0,1,0,0,1,0
2,117,0,0,0,0,1,0,0,0,0,0,8,0,0,0,0,0,0,1,0,0,1,0,0,0,0,0,0,0,0,0,0,0,0,0,0,0,0,0,0
2,118,12,0,0,1,55,27,16,0,0,1,685,0,2,14,0,0,32,62,74,15,30,3,19,21,20,57,1,0,2,11,0,64,2,0,18,2,0,0,6
2,119,0,0,0,0,6,1,9,0,0,0,124,0,0,4,0,0,0,6,11,1,13,0,0,1,0,11,0,0,0,0,0,0,0,0,10,0,0,0,0
2,120,8,1,0,0,15,2,5,0,0,0,139,0,0,7,0,0,4,18,5,4,16,0,0,1,0,7,1,0,1,0,0,10,0,0,3,0,0,0,0
2,121,6,0,0,0,3,4,0,0,0,0,43,0,2,1,0,0,0,3,4,2,4,0,1,2,0,5,0,0,1,1,1,0,0,0,0,0,0,0,0
2,122,17,0,0,0,4,0,0,0,0,0,17,0,0,0,0,0,0,4,0,0,4,0,0,0,0,0,0,0,1,0,0,0,0,0,0,0,0,0,0
2,123,0,0,0,0,31,18,0,0,0,0,125,0,0,0,0,0,0,31,19,0,1,0,25,12,0,0,0,0,0,7,0,0,0,0,0,0,0,0,0
2,124,0,0,0,0,2,0,1,0,0,0,38,0,1,0,0,0,1,2,4,0,3,0,1,0,1,5,0,0,0,1,1,2,0,0,0,0,0,0,0
2,125,0,0,0,0,2,0,0,0,0,0,16,0,0,0,0,0,0,2,1,0,3,0,0,0,1,1,0,0,0,0,0,0,0,0,0,0,0,0,0
2,126,16,0,0,0,3,0,1,0,0,0,19,0,0,0,0,0,0,3,1,0,2,0,0,0,0,1,0,0,1,0,0,0,0,0,1,0,0,0,0
2,127,0,0,0,0,2,0,0,0,0,0,29,0,0,1,0,0,0,3,2,1,5,0,0,0,0,3,0,0,0,0,0,0,0,0,1,1,0,0,0
2,128,0,0,0,0,12,6,2,0,0,0,102,0,0,0,0,0,3,12,8,0,4,0,1,1,0,18,2,3,0,1,4,3,0,0,3,0,0,0,3
2,129,0,0,0,0,7,5,1,0,0,0,86,0,0,0,0,0,0,10,11,1,6,0,8,5,1,7,0,0,0,4,0,0,0,0,1,2,0,0,1
2,130,0,0,0,0,1,0,0,0,0,0,29,0,0,0,0,0,3,2,4,0,3,0,2,0,0,0,0,0,0,1,0,3,0,0,0,0,0,0,0
2,131,0,0,0,0,3,0,0,0,0,0,28,0,0,0,0,0,0,3,3,0,6,0,0,0,0,3,0,0,0,0,0,0,0,0,3,0,0,0,0
2,132,0,0,0,0,2,1,1,0,0,0,32,0,2,0,0,0,0,2,3,1,4,0,0,1,0,4,0,0,0,0,0,0,0,0,1,0,0,0,0
2,133,0,0,0,0,8,1,0,0,0,0,83,0,0,0,0,0,0,13,7,0,15,0,3,1,1,10,0,0,0,1,0,0,0,0,0,3,0,0,0
2,134,0,0,0,1,8,3,1,0,0,0,132,0,1,3,0,0,3,17,11,2,19,0,0,2,4,13,0,2,0,0,0,7,0,0,2,2,0,0,1
2,135,0,0,0,0,1,0,0,0,0,0,8,0,0,0,0,0,0,1,0,0,1,0,0,0,0,0,0,0,0,0,0,0,0,0,0,0,0,0,0
3,0,13,0,0,21,998,714,8,0,3,14,4874,0,10,0,3,0,140,1125,440,0,143,0,174,127,240,301,8,86,1,34,2,265,233,1,4,0,0,20,56
3,1,0,0,0,0,3,1,1,0,0,0,33,0,1,0,0,0,0,5,1,0,6,0,0,1,0,2,0,0,0,0,0,0,0,0,0,0,0,0,0
3,2,0,0,0,0,0,0,0,0,0,0,4,0,0,0,0,0,0,0,0,0,0,0,0,0,0,0,0,0,0,0,0,0,0,0,0,0,0,0,0
3,3,0,0,0,0,2,0,9,0,0,0,102,0,0,0,0,0,0,5,9,1,14,0,0,0,0,10,0,0,0,0,0,0,0,0,8,1,0,0,0
3,4,0,0,0,0,6,0,2,0,0,0,120,0,2,0,2,0,1,16,10,0,20,0,4,0,4,13,0,0,0,4,1,2,0,0,1,0,0,0,0
3,5,0,0,0,0,12,5,5,0,0,0,135,0,0,0,0,0,0,15,23,0,7,0,16,3,7,10,0,0,0,6,0,0,0,0,1,1,0,0,0
3,6,0,0,0,0,2,0,0,0,0,0,25,0,0,0,0,0,0,2,2,0,4,0,0,0,0,4,0,0,0,0,1,0,0,0,1,0,0,0,0
3,7,0,0,0,0,2,2,1,0,4,0,173,0,0,0,0,0,3,3,34,0,6,0,7,2,7,28,0,0,0,4,0,6,3,0,3,4,0,0,2
3,8,0,0,0,7,13,8,2,0,8,1,366,0,0,0,0,0,15,18,63,0,14,0,6,10,21,34,0,0,0,4,0,17,8,2,13,0,0,0,9
3,9,0,0,0,0,0,0,0,0,0,0,12,0,1,0,0,0,0,0,1,0,1,0,0,0,0,2,0,0,0,0,0,0,0,0,0,0,0,0,0
3,10,0,0,0,0,1,0,0,0,0,0,10,0,0,0,0,0,0,1,1,0,2,0,0,0,0,0,0,0,0,0,0,0,0,0,0,0,0,0,0
3,11,0,0,0,0,5,0,0,0,0,0,58,0,1,5,0,0,0,6,4,0,8,0,0,0,0,5,0,0,0,0,0,0,0,0,3,0,0,0,1
3,12,0,0,0,1,4,2,0,0,0,1,84,0,0,2,0,0,2,8,9,3,11,0,1,1,1,8,0,0,0,1,0,2,0,0,7,0,0,0,1
3,13,0,0,2,0,3,0,0,0,0,0,43,0,1,0,0,0,1,4,4,1,4,0,0,0,1,6,0,0,0,0,0,2,3,0,0,0,0,0,0
3,14,0,0,18,6,4,1,0,2,0,0,232,0,0,4,0,0,2,14,23,1,19,0,0,2,2,49,1,2,0,1,0,4,0,0,1,0,0,0,6
3,15,0,0,0,1,3,0,0,0,0,0,40,0,0,0,0,0,2,3,3,0,2,0,0,0,1,6,0,1,0,0,0,3,0,0,0,2,0,0,1
3,16,5,0,0,0,19,7,2,0,0,0,250,0,1,7,0,0,2,21,36,7,23,0,14,6,8,31,0,0,1,3,1,3,0,0,3,0,0,0,1
3,17,0,0,0,0,0,0,0,0,0,0,11,0,0,0,0,0,0,0,1,0,1,0,0,0,0,2,0,0,0,0,0,0,0,0,0,1,0,0,0
3,18,0,0,0,0,1,0,0,0,0,0,52,0,0,0,0,0,0,6,6,0,12,0,0,0,1,6,0,0,0,0,0,0,0,0,5,0,0,0,0
3,19,0,0,0,0,13,0,0,0,0,0,133,0,2,17,0,0,0,21,2,0,23,0,0,0,0,4,0,0,0,0,0,0,0,0,0,0,0,0,0
3,20,0,0,0,0,2,3,0,0,0,0,79,0,3,0,0,0,1,3,11,0,11,0,0,2,1,12,1,0,0,0,0,2,1,0,7,0,1,0,0
3,21,0,1,0,0,8,1,12,0,0,0,195,0,0,2,0,0,6,10,21,2,10,0,3,1,0,23,0,0,0,1,0,13,0,1,12,0,1,0,0
3,22,0,0,0,0,3,0,0,0,0,0,53,0,0,0,0,0,0,3,8,0,11,0,0,0,1,8,0,0,0,0,0,0,0,0,7,0,0,0,0
3,23,0,0,6,0,5,7,1,0,0,2,169,0,2,1,0,0,10,11,24,2,12,6,0,2,4,18,0,0,0,1,0,23,0,0,7,0,0,0,2
3,24,0,0,0,0,1,0,0,0,0,0,32,0,0,0,0,0,0,1,5,0,6,0,0,0,0,5,0,0,0,0,0,0,0,0,5,0,0,0,0
3,25,0,0,0,0,1,1,0,0,0,0,98,0,1,2,0,0,1,3,13,0,15,0,0,1,0,17,0,0,0,0,0,2,0,0,12,0,0,0,0
3,26,0,0,0,5,31,1,2,0,0,0,212,0,5,7,2,0,2,32,17,0,29,0,1,1,0,22,10,0,0,1,0,3,0,0,9,0,1,0,5
3,27,0,0,0,0,0,0,0,0,0,0,21,0,2,0,0,0,0,0,3,0,2,0,1,0,0,3,0,0,0,1,0,0,0,0,1,0,0,0,0
3,28,0,0,0,0,4,1,1,0,0,0,55,0,1,0,0,0,0,6,6,0,6,0,3,1,1,6,0,0,0,2,0,0,1,0,0,1,0,0,0
3,29,0,0,0,0,8,0,0,0,0,0,112,0,0,0,0,0,0,19,25,0,9,0,20,0,0,8,0,0,0,5,0,0,0,0,2,3,0,0,0
3,30,0,0,0,0,2,0,0,0,0,0,10,0,0,0,0,0,0,2,0,0,2,0,0,0,0,0,0,0,0,0,0,0,0,0,0,0,0,0,0
3,31,0,0,1,2,1,1,0,0,0,0,98,0,0,0,0,0,0,3,15,2,12,0,0,1,0,22,0,0,0,0,0,0,0,0,6,8,0,0,2
3,32,0,0,0,0,34,0,0,0,0,1,691,0,0,0,2,0,23,39,130,0,65,2,47,0,2,84,0,0,0,26,0,36,0,0,80,0,0,0,11
3,33,0,0,0,0,2,0,1,0,0,0,33,0,0,0,1,0,0,2,4,1,5,0,0,0,0,4,0,0,0,0,0,0,0,0,2,1,0,0,0
3,34,0,1,0,7,133,47,10,0,3,0,1094,0,18,0,0,0,40,164,179,0,21,16,81,14,18,114,26,0,0,5,6,93,27,0,34,0,6,0,14
3,35,0,0,0,0,1,0,0,0,0,0,8,0,0,0,0,0,0,1,0,0,1,0,0,0,0,0,0,0,0,0,0,0,0,0,0,0,0,0,0
3,36,0,0,0,0,2,0,0,0,0,0,13,0,0,0,0,0,0,2,1,0,3,0,0,0,0,0,0,0,0,0,0,0,0,0,0,0,0,0,0
3,37,0,0,0,1,11,2,2,0,0,0,190,0,0,4,0,0,0,13,27,2,15,0,1,2,16,27,1,0,0,1,1,0,6,1,6,0,0,0,7
3,38,0,0,0,0,5,2,0,0,0,0,37,0,1,0,0,0,0,7,1,0,8,0,0,2,0,2,0,0,0,0,0,0,0,0,0,0,0,0,0
3,39,0,0,0,0,1,0,0,0,0,0,35,0,0,0,0,0,0,1,5,0,5,0,1,0,2,6,0,0,0,1,0,0,0,0,0,2,0,0,0
3,40,0,0,0,1,1,1,0,0,1,0,28,0,0,0,0,0,1,1,4,0,1,0,0,1,0,4,0,0,0,0,0,1,0,0,0,0,0,0,1
3,41,0,0,0,0,1,0,0,0,0,0,14,0,0,0,0,0,0,1,1,0,3,0,0,0,0,0,0,0,0,1,0,0,0,0,0,0,0,0,0
3,42,0,0,0,0,2,0,2,0,0,0,39,0,2,0,0,0,0,4,2,0,6,0,0,0,0,4,0,0,0,0,0,0,0,0,0,0,0,0,0
3,43,0,0,0,0,4,0,0,0,0,0,75,0,3,1,0,0,0,5,8,0,10,0,2,0,0,15,0,0,0,1,3,0,0,0,0,0,0,0,0
3,44,0,0,0,0,23,8,0,0,0,0,175,0,1,0,0,0,0,39,15,0,34,0,10,3,1,9,0,0,0,5,0,0,0,0,0,3,0,0,0
3,45,0,1,0,0,0,0,0,0,0,0,10,0,0,0,0,0,1,0,1,0,1,0,0,0,0,0,0,0,0,0,0,1,0,0,0,0,0,0,0
3,46,0,0,0,0,6,4,0,0,0,0,42,0,0,0,0,0,0,7,3,0,7,0,0,1,0,4,0,0,0,0,0,0,0,0,2,1,0,0,0
3,47,0,0,0,0,3,0,1,0,0,0,46,0,0,1,0,0,1,5,5,0,5,0,2,0,1,3,0,0,0,1,0,2,0,0,1,0,0,0,0
3,48,0,0,0,0,2,0,1,0,0,0,23,0,0,0,1,0,0,2,2,0,3,0,0,0,0,2,0,0,0,0,0,0,0,0,1,0,0,0,0
3,49,0,0,0,0,2,0,5,0,0,0,63,0,3,1,0,0,0,2,5,0,6,0,0,0,0,8,0,0,0,0,0,0,0,0,2,0,0,0,0
3,50,0,0,0,0,53,0,0,0,1,0,210,0,0,0,0,0,1,53,61,0,4,0,54,0,4,8,0,0,0,3,0,3,0,0,0,0,0,0,0
3,51,0,0,0,0,4,0,1,0,0,0,41,0,0,3,0,0,0,6,1,0,7,0,0,0,0,1,0,0,0,0,0,0,0,0,1,0,0,0,0
3,52,10,0,0,0,4,4,0,0,0,0,16,0,0,0,0,0,0,4,0,0,1,0,0,1,0,0,0,0,1,0,0,0,0,0,0,0,0,0,0
3,53,0,0,0,0,1,0,0,0,0,0,13,0,0,0,0,0,0,2,1,0,3,0,0,0,0,0,0,0,0,0,0,0,0,0,0,0,0,0,0
3,54,0,0,26,3,12,10,2,1,1,1,488,0,0,11,0,0,17,26,67,2,29,2,10,5,9,75,1,0,0,3,1,32,6,2,11,0,0,0,4
3,55,0,0,0,0,7,5,3,0,0,0,67,0,0,0,0,0,0,7,4,0,8,0,1,4,0,6,0,0,0,1,0,0,0,0,0,3,0,0,0
3,56,0,0,0,0,5,0,1,0,0,0,44,0,0,0,0,0,0,7,5,0,5,0,3,0,1,4,0,0,0,1,1,0,0,0,0,0,0,0,0
3,57,0,0,0,0,6,3,15,0,0,0,191,0,5,0,0,0,1,7,20,0,14,0,5,2,0,27,0,0,0,1,4,2,1,0,9,1,1,0,0
3,58,0,0,0,0,6,1,1,0,0,0,86,0,0,0,0,0,0,10,11,0,10,0,6,1,0,12,0,0,0,2,0,0,0,0,0,6,0,0,0
3,59,0,0,0,0,0,0,7,0,0,0,71,0,1,1,0,0,1,0,6,0,6,0,0,0,0,7,0,0,0,0,0,1,0,0,5,0,0,0,0
3,60,0,1,0,0,7,0,0,0,0,0,83,0,0,0,0,0,3,9,29,0,2,0,20,0,0,0,0,0,0,4,0,3,0,0,0,0,0,0,0
3,61,0,2,0,0,10,3,10,0,0,0,147,0,0,0,0,0,2,11,10,0,12,0,0,3,0,20,0,0,0,0,5,8,0,0,5,0,0,0,0
3,62,0,0,0,0,9,0,1,0,0,0,165,0,1,18,1,0,0,22,6,2,27,0,0,0,2,10,2,0,0,0,2,0,0,0,0,0,0,0,0
3,63,0,0,0,1,9,7,2,0,1,0,141,0,2,4,0,0,1,10,17,1,16,0,0,5,5,17,1,0,0,0,0,3,0,0,7,1,0,0,1
3,64,0,0,4,0,1,5,0,0,0,0,80,0,7,0,0,0,0,2,13,2,8,0,0,1,2,16,0,0,0,0,0,0,3,0,0,0,0,0,0
3,65,0,0,0,0,30,16,0,0,0,0,248,0,0,0,0,0,3,34,50,0,11,0,39,9,5,19,0,0,0,13,4,4,0,0,2,0,0,0,0
3,66,0,0,0,0,1,0,0,0,0,0,13,0,0,0,0,0,0,2,1,0,3,0,0,0,0,0,0,0,0,0,0,0,0,0,0,0,0,0,0
3,67,0,0,20,2,9,5,1,0,0,0,330,0,3,0,1,0,0,35,52,2,30,0,27,3,1,58,0,0,0,7,0,0,0,0,2,1,0,0,2
3,68,1,0,0,0,9,0,0,0,0,0,240,0,0,0,0,0,0,29,62,0,14,0,45,0,1,23,0,0,1,13,0,0,0,0,10,6,0,0,0
3,69,0,0,0,7,13,0,0,0,2,3,208,0,2,0,0,0,6,19,48,0,4,4,24,0,2,15,0,0,0,11,0,15,0,0,13,0,0,0,1
3,70,0,0,0,10,27,12,1,9,0,2,341,0,0,20,0,0,3,28,26,1,29,0,0,17,12,37,8,0,0,0,0,4,0,0,11,0,0,0,8
3,71,0,0,0,6,62,55,2,0,0,0,359,0,0,0,0,0,3,63,33,0,5,0,27,27,10,23,0,0,0,14,0,6,0,0,3,2,0,0,6
3,72,0,0,0,0,1,0,0,0,0,0,13,0,0,0,0,0,0,2,1,0,3,0,0,0,0,0,0,0,0,0,0,0,0,0,0,0,0,0,0
3,73,0,0,0,0,0,0,0,0,0,0,17,0,0,0,0,0,0,0,2,0,2,0,0,0,0,4,0,0,0,0,0,0,0,0,0,2,0,0,0
3,74,0,0,0,0,2,0,1,0,0,0,33,0,0,0,0,0,0,4,3,1,4,0,0,0,0,4,0,0,0,0,0,0,0,0,2,1,0,0,1
3,75,8,0,0,0,1,0,0,0,0,0,6,0,0,0,0,0,0,1,0,0,1,0,0,0,0,0,0,0,1,0,0,0,0,0,0,0,0,0,0
3,76,5,0,0,2,15,8,0,0,0,0,154,0,0,2,0,0,4,32,22,0,7,2,17,5,0,4,0,0,1,4,0,10,2,0,4,0,0,0,2
3,77,17,0,0,1,13,2,1,0,0,0,123,0,1,5,0,0,1,15,9,6,13,0,1,1,0,13,2,0,1,1,2,1,0,0,5,0,0,0,3
3,78,0,0,0,0,35,11,1,0,0,0,281,0,0,0,0,0,11,50,27,0,5,0,34,11,14,29,0,1,0,11,0,23,0,0,2,5,0,0,1
3,79,0,0,0,0,1,0,1,0,0,0,20,0,0,0,0,0,0,1,2,0,2,0,0,0,0,2,0,0,0,0,0,0,0,0,2,0,0,0,0
3,80,0,0,0,0,79,18,7,0,0,0,406,0,0,0,0,0,0,91,96,0,3,0,80,6,18,22,0,0,0,7,0,0,5,0,0,0,0,0,0
3,81,0,0,0,0,0,0,7,0,0,0,71,0,1,1,0,0,1,0,6,0,6,0,0,0,0,7,0,0,0,0,0,1,0,0,5,0,0,0,0
3,82,0,1,0,0,7,0,0,0,0,0,83,0,0,0,0,0,3,9,29,0,2,0,20,0,0,0,0,0,0,4,0,3,0,0,0,0,0,0,0
3,83,0,0,0,0,68,74,3,0,2,0,295,0,0,7,0,0,2,68,17,0,14,0,0,16,0,19,0,0,0,0,3,2,0,0,10,0,0,1,0
3,84,0,0,0,0,7,1,1,2,0,1,268,0,0,22,1,0,0,16,28,2,39,0,0,1,2,31,0,0,0,0,0,0,0,0,19,0,0,0,2
3,85,0,0,0,0,1,0,0,0,0,0,30,0,0,0,0,0,1,3,6,0,3,0,4,0,0,0,0,0,0,2,0,1,0,0,0,0,0,0,0
3,86,0,0,0,4,57,49,1,0,0,1,448,0,0,0,0,0,3,64,50,0,13,0,40,24,3,54,0,0,0,20,0,6,1,0,8,19,0,0,3
3,87,0,0,0,0,11,2,0,1,0,0,178,0,0,9,0,0,2,25,9,0,31,0,1,2,3,17,0,0,0,1,2,4,0,0,0,3,0,0,0
3,88,0,0,0,0,3,0,0,0,0,0,29,0,0,1,0,0,2,3,2,0,4,0,0,0,0,1,0,1,0,0,0,3,0,0,1,0,0,0,0
3,89,0,0,103,0,26,4,1,0,1,0,1981,0,6,0,0,0,107,84,218,1,106,2,1,11,3,416,9,102,0,23,0,311,12,0,102,0,0,0,2
3,90,13,0,0,0,5,0,2,0,0,0,32,0,0,0,0,0,0,5,2,0,4,0,0,0,2,2,0,0,1,0,0,0,0,0,0,0,0,0,0
3,91,0,0,0,0,2,0,0,0,0,0,37,0,2,1,0,0,0,3,3,0,4,0,1,0,0,5,0,0,0,1,0,0,1,0,0,0,0,0,0
3,92,0,0,0,0,1,0,0,0,0,0,14,0,1,0,0,0,0,1,1,0,2,0,0,0,0,2,0,0,0,0,0,0,0,0,0,0,0,0,0
3,93,0,2,0,0,1,0,0,0,0,0,76,0,0,0,0,0,10,2,14,0,3,0,8,0,0,0,0,0,0,5,0,12,0,0,0,0,0,0,0
3,94,0,0,0,0,20,20,0,1,0,0,183,0,0,10,0,0,1,41,4,0,31,0,0,6,0,5,0,0,0,0,0,1,0,0,2,1,0,0,0
3,95,0,0,0,0,1,0,1,0,0,0,25,0,0,0,1,0,0,1,3,0,3,0,0,0,0,3,0,0,0,0,0,0,0,0,2,0,0,0,0
3,96,0,0,4,0,7,0,1,0,0,0,96,0,0,0,0,0,5,10,9,1,6,0,0,0,4,10,0,0,0,2,0,10,3,0,1,0,0,0,1
3,97,0,0,0,0,2,0,0,0,0,0,13,0,0,0,0,0,0,2,1,0,3,0,0,0,0,0,1,0,0,0,0,0,0,0,0,0,0,0,0
3,98,0,0,0,1,1,0,0,0,0,0,26,0,1,0,0,0,0,4,2,1,3,0,0,0,0,3,0,0,0,0,0,0,0,0,1,0,0,0,1
3,99,0,0,0,0,5,2,0,0,0,0,47,0,0,0,0,0,0,5,4,0,6,0,2,2,1,7,0,0,0,1,0,0,0,0,1,2,0,0,0
3,100,0,0,0,0,1,0,0,0,0,0,13,0,0,0,0,0,0,2,1,0,3,0,0,0,0,0,0,0,0,0,0,0,0,0,0,0,0,0,0
3,101,0,0,0,0,6,0,0,0,0,0,119,0,0,0,0,0,4,12,37,0,3,0,28,0,0,0,0,0,0,10,0,4,0,0,0,0,0,0,0
3,102,0,0,0,0,1,0,0,0,0,0,7,0,0,0,0,0,0,1,0,0,1,0,0,0,0,0,0,0,0,0,0,0,0,0,0,0,0,0,0
3,103,0,0,2,1,8,5,1,1,0,0,98,0,0,2,0,0,3,10,10,1,9,0,0,2,0,10,0,0,0,0,0,4,1,0,7,0,0,0,1
3,104,0,0,0,0,179,176,0,0,0,0,393,0,0,3,0,0,0,179,0,0,9,0,0,6,0,0,0,0,0,0,0,0,0,0,0,0,0,2,0
3,105,0,0,0,0,1,0,0,0,0,0,12,0,0,0,0,0,0,1,1,0,2,0,0,0,0,1,0,0,0,0,0,0,0,0,1,0,0,0,0
3,106,0,0,0,0,24,10,2,0,0,0,289,0,3,0,0,0,1,32,50,0,16,0,35,5,9,38,0,0,0,15,3,1,0,0,0,3,0,0,0
3,107,0,0,0,0,1,1,0,0,0,0,19,0,0,1,0,0,0,1,1,0,2,0,0,1,0,1,0,0,0,0,0,0,0,0,1,0,0,0,0
3,108,0,0,3,0,18,6,3,1,0,0,229,0,3,10,4,0,0,30,16,3,20,0,3,3,0,23,0,0,0,2,0,0,15,0,4,0,0,0,0
3,109,0,0,0,0,4,0,0,0,0,0,54,0,4,0,0,0,0,7,4,0,11,0,0,0,0,8,0,0,0,0,0,0,0,0,0,0,0,0,0
3,110,0,0,0,0,1,0,0,0,0,0,13,0,0,0,0,0,0,2,1,0,3,0,0,0,0,0,0,0,0,0,0,0,0,0,0,0,0,0,0
3,111,0,1,0,9,14,11,1,13,0,6,645,0,0,39,1,0,3,30,68,1,70,0,0,23,0,84,8,0,0,0,0,3,0,0,50,0,0,0,14
3,112,0,0,0,0,3,0,6,0,0,0,71,0,0,1,0,0,0,3,6,0,9,0,0,0,0,6,0,0,0,0,0,0,0,0,6,0,0,0,0
3,113,0,1,0,0,1,0,0,0,0,0,13,0,0,0,0,0,1,1,1,0,2,0,0,0,0,0,0,0,0,0,0,1,0,0,0,0,0,0,0
3,114,0,0,0,0,2,0,0,0,0,0,30,0,1,0,0,0,0,2,3,0,5,0,0,0,0,5,0,0,0,0,0,0,0,0,1,1,0,0,0
3,115,0,0,0,6,16,6,1,2,0,0,318,0,1,14,0,0,7,25,35,2,30,7,0,5,2,31,1,0,0,6,0,21,3,0,27,0,0,0,5
3,116,0,0,0,0,6,0,1,0,0,0,88,0,1,8,0,0,0,14,3,0,15,0,0,0,0,4,0,0,0,0,0,0,0,0,2,0,0,0,0
3,117,0,0,0,0,1,0,0,0,0,0,14,0,0,0,0,0,0,1,1,0,3,0,0,0,0,0,0,0,0,1,0,0,0,0,0,0,0,0,0
3,118,0,0,3,0,1,1,1,0,0,0,84,0,1,1,0,0,2,1,16,2,8,0,4,1,1,12,0,0,0,1,0,3,0,0,7,0,0,0,0
3,119,0,0,0,0,2,0,2,0,0,0,54,0,0,0,0,0,4,2,3,1,2,0,0,0,0,8,0,0,0,0,2,6,1,0,0,0,1,0,0
3,120,8,1,0,0,15,2,7,0,0,0,155,0,0,7,0,0,4,18,7,4,17,0,0,1,0,9,1,0,1,0,0,10,0,0,5,0,0,0,0
3,121,0,0,0,0,42,0,0,0,0,0,157,0,0,0,0,0,0,42,17,0,7,0,33,0,1,1,0,0,0,14,0,0,0,0,0,0,0,0,0
3,122,0,0,8,1,1,1,0,1,0,0,107,0,2,2,0,0,0,2,12,1,10,0,0,2,0,25,1,0,0,0,0,0,2,0,2,0,0,0,1
3,123,0,0,0,1,3,0,0,0,0,0,48,0,0,0,0,0,5,6,4,0,2,0,0,0,3,4,0,0,0,0,0,10,0,0,1,0,0,0,1
3,124,0,0,0,3,15,1,2,0,1,0,197,0,0,0,4,0,9,24,23,0,16,5,0,1,14,22,0,0,0,0,0,22,4,0,2,1,0,0,3
3,125,0,0,0,0,1,0,1,0,0,0,21,0,0,0,0,0,0,1,1,0,3,0,0,0,0,1,0,0,0,2,0,0,0,0,1,0,0,0,0
3,126,0,0,0,0,1,0,0,0,0,0,80,0,1,0,0,0,0,1,11,0,12,0,0,0,4,20,0,0,0,0,2,0,0,0,0,4,0,0,0
3,127,91,0,0,0,232,96,9,0,0,0,1117,0,4,0,0,0,1,253,231,0,4,0,231,45,0,15,0,0,4,50,0,0,0,0,15,0,0,0,0
3,128,0,0,0,0,1,0,0,0,0,0,17,0,0,0,0,0,0,1,2,0,3,0,0,0,2,2,0,0,0,0,0,0,0,0,0,0,0,0,0
3,129,0,0,0,1,7,5,2,1,0,0,159,0,3,7,0,0,1,11,17,1,19,0,0,3,1,21,0,0,0,0,0,1,0,0,8,0,0,0,2
3,130,0,0,0,0,19,0,0,0,0,0,199,0,2,28,0,0,0,32,2,0,34,0,0,0,0,4,0,0,0,0,0,0,0,0,0,0,0,0,0
3,131,0,0,0,0,6,0,0,0,0,0,36,0,0,2,0,0,0,6,4,0,4,0,4,0,0,0,0,0,0,2,0,0,0,0,0,0,0,0,0
3,132,0,1,0,8,14,11,1,13,0,6,661,0,0,40,1,0,3,29,69,1,71,0,0,23,1,90,8,0,0,0,0,3,0,0,50,0,0,0,14
3,133,0,0,1,0,3,0,1,0,0,0,46,0,0,1,0,0,2,4,4,1,4,0,0,0,2,4,0,0,0,0,0,4,0,0,1,0,0,0,0
3,134,39,0,0,2,7,0,19,0,0,0,218,0,0,0,0,0,2,10,22,1,24,1,0,0,0,22,0,0,1,0,0,4,0,0,22,0,0,0,2
4,0,0,0,0,1,18,0,0,0,0,0,334,0,0,0,2,0,18,22,39,0,36,7,1,2,4,47,5,4,0,5,0,43,4,0,27,6,0,0,0
4,1,0,0,0,0,12,4,1,1,0,0,214,0,4,9,0,0,2,15,29,1,20,0,10,5,0,23,0,0,0,6,0,3,0,0,16,0,0,0,2
4,2,0,1,0,8,14,11,1,13,0,6,653,0,0,40,1,0,3,29,69,1,71,0,0,23,1,86,8,0,0,0,0,3,0,0,50,0,0,0,14
4,3,0,0,0,0,1,0,1,0,0,0,34,0,2,0,0,0,0,1,4,0,4,0,0,0,0,6,0,0,0,0,0,0,0,0,2,0,0,0,0
4,4,0,0,0,3,16,1,2,0,1,0,206,0,0,0,4,0,10,25,24,0,17,6,0,1,15,23,1,0,0,0,0,25,3,0,2,1,0,0,3
4,5,0,0,0,0,1,0,0,0,0,0,7,0,0,0,0,0,0,1,0,0,1,0,0,0,0,0,0,0,0,0,0,0,0,0,0,0,0,0,0
4,6,0,0,0,0,2,0,1,0,0,0,63,0,0,1,0,0,0,2,9,0,8,0,0,0,1,11,0,0,0,0,0,0,0,0,7,1,0,0,0
4,7,0,0,0,7,45,0,28,0,0,0,516,0,2,35,0,0,0,55,28,0,70,0,0,0,0,32,2,0,0,0,1,0,0,0,25,0,0,0,0
4,8,0,0,0,0,2,0,0,0,0,0,13,0,0,0,0,0,0,2,1,0,3,0,0,0,0,0,0,0,0,0,0,0,0,0,0,0,0,0,0
4,9,0,0,0,0,9,0,0,0,0,0,108,0,1,0,0,0,0,20,24,0,9,0,20,0,0,6,2,0,0,5,0,0,0,0,2,1,0,0,0
4,10,0,0,0,0,0,1,0,0,0,2,83,0,2,0,0,0,0,6,10,1,5,0,0,1,6,16,0,0,0,0,2,0,4,0,0,0,0,0,3
4,11,11,0,0,0,10,0,1,0,0,0,182,0,1,0,0,0,2,19,54,0,1,0,38,0,2,20,0,0,1,7,1,4,0,0,10,1,0,0,0
4,12,0,0,0,0,93,88,7,0,2,0,493,0,1,15,0,0,2,93,26,0,30,0,0,32,0,41,0,0,0,0,9,2,0,0,12,0,0,7,0
4,13,0,0,0,0,34,21,0,0,0,0,180,0,1,10,0,0,0,44,2,0,31,0,0,6,0,5,0,0,0,0,1,0,0,0,0,0,0,0,0
4,14,0,0,0,0,3,0,3,0,0,0,54,0,0,0,0,0,3,9,3,0,3,0,0,0,0,3,0,0,0,0,0,9,0,0,3,0,0,0,0
4,15,0,0,0,1,9,1,1,0,0,0,276,0,0,0,0,0,1,24,39,0,58,0,1,1,0,39,3,0,0,1,0,1,0,0,39,0,0,0,1
4,16,0,0,0,0,1,0,0,0,0,0,15,0,0,0,0,0,1,1,1,0,2,0,0,0,0,1,0,0,0,0,0,1,0,0,1,0,0,0,0
4,17,0,7,0,0,1,0,0,0,0,0,277,0,2,0,0,0,21,1,111,0,3,0,62,0,0,0,0,0,0,15,0,21,0,0,0,0,0,0,0
4,18,0,0,0,0,11,1,0,0,0,0,85,0,0,0,0,0,0,14,22,0,1,0,22,1,0,0,0,0,0,9,0,0,0,0,0,0,0,0,0
4,19,0,0,0,1,40,0,13,0,0,0,223,0,0,0,0,0,1,41,44,0,4,0,26,0,14,18,1,1,0,2,0,2,1,0,4,0,0,0,1
4,20,0,0,15,0,10,5,1,2,0,0,276,0,4,5,0,0,17,11,37,3,18,5,1,2,7,34,0,0,0,3,0,34,1,0,0,0,0,0,4
4,21,0,0,0,0,3,0,1,0,0,0,44,0,0,0,0,0,1,3,4,0,3,0,0,0,2,8,0,0,0,0,2,2,0,0,0,0,0,0,1
4,22,0,0,0,0,1,0,0,0,1,0,23,0,1,0,0,0,0,1,5,0,2,0,1,0,0,1,0,0,0,1,0,0,0,0,0,0,0,0,0
4,23,0,0,0,1,2,0,0,0,0,0,23,0,0,0,0,0,0,4,2,1,3,0,0,0,0,2,0,0,0,0,0,0,0,0,2,0,0,0,1
4,24,0,0,0,0,2,0,2,0,0,0,39,0,2,0,0,0,0,4,2,0,6,0,0,0,0,4,0,0,0,0,0,0,0,0,0,0,0,0,0
4,25,0,0,0,3,4,7,0,2,2,0,538,0,6,5,1,0,12,21,78,2,29,0,5,5,24,104,0,2,0,2,0,25,14,3,18,0,0,0,12
4,26,0,0,0,0,0,1,0,0,0,0,30,0,0,0,0,0,3,1,3,0,1,0,0,1,1,3,0,1,0,0,0,5,0,1,2,0,0,0,0
4,27,0,0,0,0,13,1,3,0,0,0,107,0,5,1,0,0,0,16,8,1,12,0,0,1,0,13,0,0,0,0,0,0,0,0,0,0,0,0,0
4,28,0,0,0,0,2,0,0,0,0,0,18,0,1,0,0,0,0,2,1,0,3,0,0,0,0,2,0,0,0,0,0,0,0,0,0,0,0,0,0
4,29,0,0,3,0,0,0,0,0,0,0,111,0,0,0,0,0,5,0,17,1,9,2,4,4,1,15,0,0,0,2,0,11,0,0,9,0,0,0,0
4,30,0,0,0,0,1,0,0,0,0,0,10,0,0,0,0,0,0,1,1,0,2,0,0,0,0,0,0,0,0,0,0,0,0,0,0,0,0,0,0
4,31,0,0,0,0,9,1,0,0,0,0,100,0,0,7,0,0,0,16,5,1,18,0,3,1,0,3,0,0,0,3,0,0,0,0,1,1,0,0,0
4,32,0,0,0,1,9,1,1,0,0,0,276,0,0,0,0,0,1,24,39,0,58,0,1,1,0,39,3,0,0,1,0,1,0,0,39,0,0,0,1
4,33,0,0,0,0,2,1,1,0,0,0,41,0,1,1,0,0,1,2,4,2,4,0,1,1,2,3,0,0,0,1,0,1,0,0,0,0,0,0,0
4,34,0,0,0,1,4,2,2,2,0,0,183,0,1,5,0,0,3,7,23,2,25,0,0,2,1,27,0,0,0,1,2,4,0,0,11,0,0,0,1
4,35,20,0,0,0,1,1,0,0,0,0,15,0,1,0,0,0,0,1,1,1,2,0,0,1,0,1,0,0,1,0,0,0,0,0,0,0,0,0,0
4,36,0,0,1,0,1,0,0,0,0,0,25,0,0,0,0,0,0,1,3,1,4,0,0,0,0,4,0,0,0,0,0,0,0,0,1,1,0,0,0
4,37,13,0,0,0,3,0,1,0,0,0,19,0,0,0,0,0,0,3,1,0,2,0,0,0,0,1,0,0,1,0,0,0,0,0,1,0,0,0,0
4,38,0,0,0,6,29,0,4,0,0,8,350,0,0,0,0,0,10,32,75,0,6,0,35,0,11,44,10,5,0,8,2,19,4,0,23,0,0,0,4
4,39,0,0,0,0,3,0,6,0,0,0,71,0,0,1,0,0,0,3,6,0,9,0,0,0,0,6,0,0,0,0,0,0,0,0,6,0,0,0,0
4,40,0,0,0,0,3,0,0,0,0,0,28,0,1,0,0,0,0,3,2,0,5,0,0,0,0,4,0,0,0,0,0,0,0,0,1,0,0,0,0
4,41,0,0,0,0,61,47,1,0,0,0,212,0,0,9,0,0,0,67,3,0,25,0,0,3,0,3,0,0,0,0,0,0,0,0,3,0,0,0,0
4,42,0,0,0,0,3,0,3,0,0,0,35,0,0,0,0,0,1,3,2,0,3,0,0,0,0,2,0,0,0,0,0,1,0,0,1,0,0,0,0
4,43,0,0,0,2,8,3,0,0,0,1,48,0,0,0,0,0,1,10,3,0,6,0,0,1,0,3,0,0,0,0,0,1,0,0,3,0,0,0,1
4,44,0,0,0,0,4,0,0,0,0,0,172,0,3,1,1,0,3,12,23,2,9,0,0,0,12,34,0,0,0,0,3,8,8,1,1,0,0,0,6
4,45,0,0,4,1,2,0,1,0,0,0,69,0,1,0,0,0,0,3,10,1,7,0,0,0,1,13,1,0,0,0,0,0,1,0,4,0,0,0,1
4,46,0,0,0,0,4,0,0,0,0,0,54,0,4,0,0,0,0,7,4,0,11,0,0,0,0,8,0,0,0,0,0,0,0,0,0,0,0,0,0
4,47,17,0,0,1,13,2,1,0,0,0,123,0,1,5,0,0,1,15,9,6,13,0,1,1,0,13,2,0,1,1,2,1,0,0,5,0,0,0,3
4,48,0,0,8,0,0,3,0,0,0,0,105,0,3,1,0,0,0,0,12,2,10,0,0,1,1,30,0,0,0,0,0,0,0,0,0,0,0,0,0
4,49,0,0,0,0,20,1,2,0,0,0,167,0,5,7,2,0,1,21,12,0,29,0,1,1,0,17,0,0,0,1,0,1,0,0,4,0,0,0,0
4,50,0,0,0,21,61,19,0,0,23,14,1136,0,3,0,3,0,67,83,211,0,31,14,48,18,35,94,9,5,0,30,4,134,2,3,25,0,0,0,22
4,51,0,0,0,0,4,2,0,0,0,0,71,0,0,2,0,0,2,4,8,2,10,0,1,1,1,7,0,0,0,1,0,2,0,0,6,0,0,0,0
4,52,0,0,0,1,10,0,1,0,0,0,162,0,1,17,1,0,0,24,7,3,26,0,0,0,0,7,2,0,0,0,0,0,1,0,5,0,0,0,1
4,53,0,0,0,0,19,0,5,0,1,0,123,0,0,0,0,0,0,19,24,0,4,0,15,0,6,11,0,0,0,3,0,0,0,0,0,0,0,0,0
4,54,0,0,0,2,8,0,0,0,0,1,186,0,1,0,0,0,0,11,43,0,18,0,13,0,0,30,0,0,0,1,0,0,6,0,30,0,0,0,1
4,55,0,0,0,0,6,0,0,0,0,0,24,0,0,1,0,0,0,6,0,0,6,0,0,0,0,0,0,0,0,0,0,0,0,0,0,0,0,0,0
4,56,0,0,0,0,3,0,1,0,0,0,110,0,1,0,0,0,5,11,16,0,3,0,6,0,5,15,0,4,0,1,0,10,4,0,0,4,0,0,0
4,57,0,0,0,0,4,0,0,0,0,0,170,0,1,0,0,0,0,4,28,0,32,0,0,0,0,35,0,0,0,0,2,0,0,0,23,2,0,0,0
4,58,0,0,0,0,2,0,2,0,0,0,39,0,2,0,0,0,0,4,2,0,6,0,0,0,0,4,0,0,0,0,0,0,0,0,0,0,0,0,0
4,59,0,0,0,0,8,0,0,0,0,0,88,0,0,1,0,0,2,12,6,0,13,0,0,0,0,12,0,0,0,0,0,6,1,0,3,3,0,0,0
4,60,0,0,0,13,14,0,5,0,2,0,523,0,0,0,0,0,12,44,76,0,5,0,19,0,4,102,0,0,0,7,0,21,15,3,35,12,0,0,13
4,61,0,0,0,0,2,0,2,0,0,0,39,0,2,0,0,0,0,4,2,0,6,0,0,0,0,4,0,0,0,0,0,0,0,0,0,0,0,0,0
4,62,0,0,2,0,7,2,1,0,0,0,121,0,3,6,1,0,1,13,9,3,13,0,2,2,2,12,0,0,0,1,0,1,4,0,1,0,0,0,0
4,63,0,0,0,0,6,2,0,0,0,0,112,0,0,0,0,0,0,17,12,0,19,0,7,2,1,9,0,0,0,4,0,0,0,0,0,4,0,0,0
4,64,0,0,0,0,6,0,0,0,0,0,119,0,0,0,0,0,4,12,37,0,3,0,28,0,0,0,0,0,0,10,0,4,0,0,0,0,0,0,0
4,65,0,0,0,2,4,2,2,0,5,0,343,0,0,0,0,0,25,27,56,0,3,1,25,6,4,27,0,13,0,11,0,48,1,0,1,1,0,0,2
4,66,0,0,0,1,5,0,0,0,0,0,57,0,1,1,1,0,0,7,6,1,9,0,1,0,0,6,1,0,0,1,0,0,0,0,3,0,0,0,1
4,67,0,0,0,0,3,0,3,0,0,0,44,0,0,1,0,0,0,3,3,0,4,0,0,0,0,5,0,0,0,0,1,0,0,0,2,0,0,0,0
4,68,0,0,0,0,10,9,0,1,0,0,90,0,0,6,0,0,1,13,3,0,10,0,0,3,0,7,0,0,0,0,2,1,0,0,0,0,0,0,0
4,69,0,0,0,0,0,1,0,0,0,0,26,0,0,0,0,0,0,0,3,1,3,0,0,1,0,5,0,0,0,0,0,0,0,0,0,3,0,0,0
4,70,14,0,0,0,2,1,0,0,0,0,33,0,0,0,0,0,0,7,1,0,8,0,0,1,0,2,0,0,1,0,0,0,0,0,0,0,0,0,0
4,71,0,0,0,0,11,2,1,0,0,0,48,0,0,0,0,0,1,11,1,0,3,0,5,2,0,1,0,0,0,2,0,1,0,0,1,0,0,1,0
4,72,0,0,0,1,7,2,1,0,0,0,102,0,0,2,0,0,0,13,10,1,17,0,0,1,0,12,0,0,0,0,1,0,0,0,7,0,0,0,1
4,73,0,0,0,0,3,0,0,0,0,0,13,0,0,0,0,0,0,3,0,0,3,0,0,0,0,0,0,0,0,0,0,0,0,0,0,0,0,0,0
4,74,0,7,0,0,0,0,0,0,0,0,67,0,0,0,0,0,9,0,17,0,2,0,9,0,0,0,0,0,0,3,0,9,0,0,0,0,0,0,0
4,75,0,0,0,0,2,0,0,0,0,0,10,0,0,0,0,0,0,2,0,0,2,0,0,0,0,0,1,0,0,0,0,0,0,0,0,0,0,0,0
4,76,0,0,0,0,2,0,2,0,0,0,39,0,2,0,0,0,0,4,2,0,6,0,0,0,0,4,0,0,0,0,0,0,0,0,0,0,0,0,0
4,77,0,0,0,0,0,0,0,0,0,0,5,0,0,0,0,0,0,0,0,0,0,0,0,0,0,0,0,0,0,0,0,0,0,0,0,0,0,0,0
4,78,0,0,0,0,0,0,0,0,0,0,7,0,0,0,0,0,0,0,1,0,1,0,0,0,0,0,0,0,0,0,0,0,0,0,0,0,0,0,0
4,79,0,0,0,0,2,0,0,0,0,0,14,0,0,0,0,0,0,2,0,0,3,0,0,0,0,0,0,0,0,1,0,0,0,0,0,0,0,0,0
4,80,0,0,0,0,0,0,0,0,0,0,11,0,0,0,0,0,0,0,1,0,1,0,0,0,0,2,0,0,0,0,0,0,0,0,0,1,0,0,0
4,81,0,4,0,0,4,0,0,0,0,0,317,0,1,0,0,0,41,21,73,0,4,0,42,1,0,0,0,0,0,12,0,60,0,0,0,0,0,0,0
4,82,0,0,0,0,1,0,0,0,0,0,16,0,0,0,0,0,0,3,1,0,4,0,0,0,0,0,0,0,0,0,0,0,0,0,0,0,0,0,0
4,83,0,0,0,0,8,1,1,0,0,0,86,0,1,0,0,0,0,8,12,0,14,0,2,1,3,11,0,0,0,1,0,0,0,0,5,0,0,0,0
4,84,0,0,0,0,2,0,0,0,0,0,13,0,0,0,0,0,0,2,1,0,3,0,0,0,0,0,1,0,0,0,0,0,0,0,0,0,0,0,0
4,85,0,0,0,0,1,0,0,0,0,0,7,0,0,0,0,0,0,1,0,0,1,0,0,0,0,0,0,0,0,0,0,0,0,0,0,0,0,0,0
4,86,0,0,2,0,8,0,1,0,0,0,68,0,4,0,0,0,0,10,6,1,8,0,4,0,0,10,0,0,0,1,0,0,0,0,0,0,0,0,0
4,87,0,0,0,0,120,60,0,0,0,0,767,0,0,0,0,0,0,120,160,0,1,0,160,20,0,0,0,0,0,81,0,0,0,0,0,0,0,0,0
4,88,0,0,29,18,3,14,1,14,2,0,1054,0,4,28,1,0,11,29,121,2,92,2,1,28,2,211,1,6,0,1,0,22,0,0,7,0,0,0,18
4,89,0,1,0,0,7,0,5,0,0,0,86,0,0,2,0,0,3,7,6,1,9,0,0,0,0,6,0,0,0,0,0,6,0,0,6,0,0,0,0
4,90,0,0,0,0,1,0,0,0,0,0,11,0,0,0,0,0,0,1,0,0,2,0,0,1,0,0,0,0,0,0,0,0,0,0,0,0,0,0,0
4,91,0,0,0,0,28,7,0,0,0,0,188,0,0,0,0,0,1,28,47,0,5,0,42,5,5,5,0,0,0,16,0,1,0,0,0,0,0,0,0
4,92,0,0,0,0,1,0,0,0,0,0,24,0,0,0,0,0,0,1,3,0,4,0,0,0,1,4,0,0,0,0,0,0,0,0,1,1,0,0,0
4,93,0,0,0,1,8,6,1,0,1,2,91,0,0,0,0,0,2,11,13,1,5,0,5,3,1,7,0,0,0,2,0,2,0,0,5,0,0,0,1
4,94,25,0,0,0,1,0,0,0,0,0,7,0,0,0,0,0,0,1,0,0,1,0,0,0,0,0,0,0,1,0,0,0,0,0,0,0,0,0,0
4,95,0,0,0,0,0,2,0,0,1,0,32,0,0,0,0,0,1,0,5,0,1,0,1,1,0,4,0,0,0,1,0,1,0,0,0,0,0,0,0
4,96,0,0,0,0,5,3,1,0,0,0,41,0,1,2,0,0,0,5,1,0,5,0,0,3,0,2,0,0,0,0,0,0,0,0,0,0,0,1,0
4,97,0,0,0,0,3,0,0,0,0,0,42,0,0,0,0,0,0,3,5,0,8,0,0,0,0,7,0,0,0,0,0,0,0,0,3,2,0,0,0
4,98,0,0,0,0,0,0,0,0,0,0,5,0,0,0,0,0,0,0,0,0,0,0,0,0,0,0,0,0,0,0,0,0,0,0,0,0,0,0,0
4,99,0,0,0,0,1,0,0,0,0,0,34,0,1,0,0,0,0,1,5,0,6,0,0,0,0,6,0,0,0,0,0,0,0,0,4,0,0,0,0
4,100,0,0,0,1,5,4,1,0,0,0,141,0,2,0,0,0,1,9,20,0,14,0,4,2,2,24,1,0,0,2,1,3,1,0,9,3,0,0,1
4,101,4,0,46,5,30,11,0,3,1,0,691,0,0,12,0,0,28,53,81,2,46,18,10,6,2,106,2,1,1,7,1,75,5,2,10,0,0,0,4
4,102,0,0,13,2,2,1,0,1,0,0,171,0,1,5,1,0,4,8,20,3,17,0,0,1,1,31,0,4,0,0,0,8,1,0,0,0,0,0,2
4,103,0,1,0,0,2,0,0,0,0,0,20,0,0,0,0,0,1,2,2,0,3,0,1,0,0,0,0,0,0,1,0,1,0,0,0,0,0,0,0
4,104,0,0,11,3,39,3,1,3,0,0,429,0,6,6,0,0,25,61,32,1,28,25,0,6,0,32,0,0,0,6,0,75,13,0,3,0,0,0,3
4,105,0,0,0,0,3,1,3,0,0,0,54,0,0,0,0,0,0,4,3,0,5,0,0,1,0,9,0,0,0,0,3,0,0,0,0,0,0,0,0
4,106,0,0,0,1,0,0,0,0,0,1,19,0,0,0,0,0,0,2,2,0,2,0,0,0,0,2,0,0,0,0,0,0,0,0,2,0,0,0,0
4,107,0,0,0,0,4,0,2,0,0,0,137,0,0,0,0,0,1,5,23,1,21,0,0,0,4,23,0,0,0,0,0,3,0,0,16,0,0,0,0
4,108,0,0,0,0,0,0,0,0,1,0,27,0,1,0,0,0,0,0,6,0,1,0,1,0,0,3,0,0,0,1,0,0,1,0,1,0,0,0,0
4,109,0,0,0,1,2,1,1,0,0,0,46,0,0,0,0,0,0,5,3,1,4,0,0,1,0,8,0,0,0,0,0,0,0,0,2,1,0,0,1
4,110,0,0,0,0,1,0,1,0,0,0,39,0,1,0,0,0,0,4,4,1,4,0,0,0,1,5,0,0,0,0,0,0,1,0,2,0,0,0,1
4,111,0,0,0,6,29,0,4,0,0,8,350,0,0,0,0,0,10,32,75,0,6,0,35,0,11,44,10,5,0,8,2,19,4,0,23,0,0,0,4
4,112,0,0,0,0,16,11,0,0,0,0,124,0,3,2,0,0,1,20,6,0,17,0,0,4,0,15,0,0,0,0,3,3,0,0,0,0,0,0,0
4,113,0,0,0,1,2,0,0,0,0,0,30,0,0,1,0,0,1,3,2,0,5,0,0,1,0,1,0,0,0,0,0,1,0,0,1,0,0,0,0
4,114,0,0,0,0,9,0,4,0,0,0,121,0,2,1,0,0,1,11,19,0,9,0,6,0,0,16,0,0,0,1,0,1,0,0,9,0,0,0,0
4,115,0,1,0,0,0,0,2,0,0,0,25,0,0,0,0,0,1,0,3,0,1,0,2,0,0,1,0,0,0,1,0,0,0,0,1,0,0,0,0
4,116,0,0,0,0,2,0,0,0,0,0,38,0,0,0,0,0,0,4,4,0,8,0,0,0,0,5,0,0,0,0,0,0,0,0,3,1,0,0,0
4,117,0,0,0,0,1,1,0,0,0,0,49,0,1,0,0,0,0,2,7,0,8,0,0,1,0,8,0,0,0,0,0,0,1,0,6,0,0,0,0
4,118,0,0,0,0,0,0,0,0,0,0,29,0,0,0,0,0,0,0,4,0,4,0,0,0,1,6,0,0,0,0,1,0,0,0,2,0,0,0,0
4,119,0,0,0,0,1,0,0,0,0,0,13,0,0,0,0,0,1,1,1,0,2,0,0,0,0,0,0,0,0,0,0,1,0,0,0,0,0,0,0
4,120,0,0,0,0,1,0,0,0,0,0,54,0,0,0,0,0,0,10,4,0,14,0,0,0,1,4,0,0,0,0,0,0,0,0,3,0,0,0,0
4,121,0,0,0,0,1,0,0,0,0,0,13,0,0,0,0,0,0,2,1,0,3,0,0,0,0,0,0,0,0,0,0,0,0,0,0,0,0,0,0
4,122,0,0,5,1,6,2,3,0,1,0,121,0,0,0,0,0,4,9,12,1,7,0,1,3,0,15,0,1,0,3,0,7,1,0,4,1,0,0,2
4,123,0,0,0,0,6,0,1,0,0,0,44,0,2,0,0,0,0,6,4,0,2,0,0,0,0,8,0,0,0,0,0,0,0,0,0,2,0,0,0
4,124,0,0,0,0,65,47,12,2,0,0,429,0,2,13,0,0,1,71,32,1,27,0,0,21,22,34,0,0,0,0,0,2,2,0,8,0,0,3,4
4,125,0,0,0,0,1,0,0,0,0,0,42,0,0,0,0,0,1,1,11,0,2,0,5,0,0,6,0,0,0,1,0,2,0,0,6,0,0,0,0
4,126,0,0,0,0,4,0,3,0,0,0,44,0,0,0,0,0,0,4,5,0,3,0,0,0,1,5,0,0,0,0,0,0,0,0,4,0,0,0,0
4,127,0,0,0,0,1,0,0,0,0,0,29,0,1,0,0,0,0,1,4,0,5,0,0,0,0,5,0,0,0,0,0,0,0,0,3,0,0,0,0
4,128,0,0,0,0,68,74,3,0,2,0,295,0,0,7,0,0,2,68,17,0,14,0,0,16,0,19,0,0,0,0,3,2,0,0,10,0,0,1,0
4,129,0,0,0,0,5,5,0,0,0,0,123,0,6,0,0,0,5,12,13,1,2,0,6,5,0,12,5,0,0,1,0,10,5,0,2,0,5,0,1
4,130,0,0,0,0,1,1,2,0,0,0,32,0,0,0,0,0,0,1,2,1,3,0,0,1,1,4,0,0,0,0,1,0,0,0,0,0,0,0,0
4,131,6,0,0,2,7,5,0,0,1,0,85,0,0,2,0,0,6,12,6,0,7,0,0,3,0,3,0,2,3,0,0,9,0,0,3,0,0,0,1
4,132,0,0,0,0,2,4,0,0,0,0,40,0,1,1,0,0,0,3,6,1,4,0,0,1,1,3,0,0,0,0,0,0,2,0,0,0,0,0,0
4,133,0,0,0,0,6,3,3,0,0,0,98,0,3,3,0,0,0,12,5,0,16,0,1,3,0,7,0,0,0,1,0,0,0,0,1,0,0,0,0
4,134,0,0,0,0,1,0,0,0,0,0,54,0,0,0,0,0,0,1,7,0,8,0,0,0,0,13,0,0,0,0,0,0,0,0,1,6,0,0,0
4,135,0,0,0,0,8,0,0,0,0,0,20,0,0,0,0,0,0,8,0,0,1,0,4,0,0,0,0,0,0,1,0,0,0,0,0,0,0,0,0
4,136,0,0,0,0,3,0,0,0,0,0,14,0,0,0,0,0,0,3,0,0,3,0,0,0,0,0,0,0,0,0,0,0,0,0,0,0,0,0,0
4,137,0,0,12,0,1,0,0,0,0,0,140,0,0,0,0,0,0,4,18,1,17,0,2,0,1,36,0,0,0,1,0,0,2,0,0,3,0,0,0
4,138,0,0,0,0,2,0,3,0,0,0,57,0,0,4,0,0,0,3,3,0,6,0,0,0,1,5,0,0,0,0,1,0,0,0,1,0,0,0,0
